token_ticker,sentiment_score,mCap
0x440x46,-0.4,14509
100000000,-0.4117647058823529,4379
144P,-0.30434782608695654,7647
144PEPE,-0.3333333333333333,5074
16,-0.6,6108
1992TC,-0.27230046948356806,4843
1M,-0.40350877192982454,6037
1SHOT,0.045454545454545456,4409
1SOL,-0.39855072463768115,56986
1TB,-0.8333333333333334,4072
1stBlink,-0.6363636363636364,13848
2,-0.3333333333333333,4416
2,-0.3333333333333333,4386
2DADDY,-0.5,4655
3DBITE,-0.39896373056994816,4489
405b,-1.0,4788
444,0.28,14814
46,-0.1111111111111111,4412
4K,-0.12,5214
50PEPE,-0.16981132075471697,5225
5G,-0.5825426944971537,31079
600mil,-0.30097087378640774,5302
6ix9ine,-0.5555555555555556,4332
711cat,-0.4,7082
741,-0.35135135135135137,6006
8BALL,-1.0,4792
8FS,-0.4666666666666667,4358
9,-0.4457831325301205,4612
956006487,-1.0,4282
9to5,-0.42857142857142855,5291
AANG,-0.6964285714285714,5176
AB,-0.6666666666666666,6635
ABTWT,-0.5,4834
ABUH,-0.4852941176470588,4226
ACAT,-0.3023255813953488,4336
ACE,0.5384615384615384,7133
ACHI,-0.3333333333333333,7040
ACO,-0.3901345291479821,11788
ACT,-0.42857142857142855,44802
ADA,-0.38235294117647056,4312
ADIOS,-0.16666666666666666,8595
ADOG,-1.0,4948
AFC,-0.37003058103975534,5833
AGENCY,-1.0,4055
AGENT,-0.6666666666666666,5051
AGI,-1.0,4594
AI,-0.25835866261398177,4186
AI,-0.25835866261398177,4260
AI,-0.25835866261398177,4335
AI,-0.25835866261398177,5471
AI,-0.25835866261398177,4834
AI,-0.25835866261398177,4659
AI GF,1.0,4560
AI MOTHER,-0.4,7691
AICAT,-1.0,6536
AICATS,-0.5789473684210527,12801
AICYCLE,-0.08333333333333333,5865
AIDAM,-1.0,4417
AIDEV,-1.0,4389
AIDS,0.2,6076
AIGF,0.2,6263
AIKO,-0.2786885245901639,5218
AILADY,-0.3057471264367816,5014
AIMOG,-0.14285714285714285,4221
AIMOODENG,-1.0,5216
AISCII,0.6,135195
AITANA,-0.25146198830409355,5746
AInus,0.3333333333333333,4710
AIpepe,-0.3225806451612903,4621
ALAN,-0.3898305084745763,4337
ALAN,-0.3898305084745763,4934
ALEN,0.0,4243
ALET,-0.5,4862
ALEX,-0.24324324324324326,5731
ALI,-0.125,4715
ALI,-0.125,7213
ALPHA,-0.6949152542372882,4073
ALPHA,-0.6949152542372882,4435
ALPHA,-0.6949152542372882,4658
ALPHA,-0.6949152542372882,21007
AM,-1.0,4633
AMEARICA,-0.5454545454545454,4436
AMS,-0.52,8728
ANDROMEDA,1.0,4297
ANDY,-0.21428571428571427,5836
ANDY70B,-1.0,5475
ANGEL,-1.0,4287
ANGELS,0.0,7278
ANON,-0.5,5091
ANON,-0.5,5146
ANSEM,-0.2,4450
ANSEM,-0.2,4395
ANSEM,-0.2,4860
ANT,-0.5555555555555556,5568
ANTRA,-0.23076923076923078,8379
APE,0.45454545454545453,4671
APE,0.45454545454545453,4135
APED,-0.2,28891
APESEI,-0.042105263157894736,4372
APOLLO,-0.6,6248
APONKE,-0.2,4744
APPA,-0.42505133470225875,4553
APPL,-0.29577464788732394,9658
APPLEAI,-0.16666666666666666,4950
APU,-0.6923076923076923,4429
APUSD,-0.3333333333333333,4271
ARC,-0.5,5550
ARC,-0.5,15821
ARCANE,-0.3684210526315789,30050
ARCHIE,-0.16279069767441862,4589
ARION,0.0,4194
ARISE,-1.0,5018
ARKY,-0.5,6233
ARLO,-0.5652173913043478,11226
ARTI,0.2,4588
AS,-0.4909090909090909,24745
ASCII,-0.3333333333333333,4563
ASIANMOM,0.0,4573
ASS,-0.4482758620689655,165875
ATH,-0.5844155844155844,4144
ATH,-0.5844155844155844,5539
ATH,-0.5844155844155844,7602
AURA,1.0,4078
AUTISM,-0.6666666666666666,4992
AVB,-0.5862068965517241,48501300
AWIF,-0.4177545691906005,6438
Abot,-0.3333333333333333,9157
Ace,-0.20408163265306123,11037
Act II,-0.42857142857142855,16548
Act1H,-0.8461538461538461,5471
Adam,-0.6288659793814433,4518
Aesthetic,-1.0,4278
Aguri,-0.375,5278
Ai,-0.06666666666666667,4306
Ai,-0.06666666666666667,5394
AiScan,-0.4117647058823529,5253
Akasuki,-0.6,4240
Alex,1.0,5104
Andy,-0.3333333333333333,5861
AnnXXX,-1.0,4386
Ansem,-0.6428571428571429,4086
Art,-0.3888888888888889,4626
Ascend,-0.23076923076923078,4268
Ash,-1.0,4704
Astro,-0.5555555555555556,4243
Atsuko,0.2,4548
Aura,-0.3333333333333333,5110
Auto Clef,-0.5,4508
BABA,-0.38181818181818183,12882
BABABILL,0.3333333333333333,23184
BABYCHIMP,1.0,8182
BABYNEIRO,-0.28,5049
BADDY,-0.3584905660377358,8358
BADDY,-0.3584905660377358,4520
BADFROG,-1.0,4381
BAE,-0.1,4449
BAF,-0.4430379746835443,4438
BAIT,-1.0,6492
BAKSO,-0.5324675324675324,10571
BALL,-0.3076923076923077,4240
BALL,-0.3076923076923077,4464
BALL,-0.3076923076923077,4345
BALL,-0.3076923076923077,5783
BANAN,0.4090909090909091,11070
BANDIT,-0.5757575757575758,6261
BANNED,-0.5555555555555556,4943
BAO,-0.7419354838709677,6110
BAOBAO,0.14285714285714285,5510
BAOBEI,-1.0,4124
BAPE,-0.26666666666666666,4522
BARB,-0.3333333333333333,5728
BARBIE,-0.75,4073
BARDI,-0.3333333333333333,4653
BARK,-0.29411764705882354,4555
BARK,-0.29411764705882354,4272
BARKCODE,-0.5132275132275133,45008
BARNY,-0.44086021505376344,6067
BARRON,-0.06666666666666667,4143
BARRON,-0.06666666666666667,4939
BASED,-0.6923076923076923,35035
BATNANA,-1.0,6105
BATTY,-0.34328358208955223,4377
BAZINGAWIF,-0.4074074074074074,4474
BAZOOCAT,-0.6842105263157895,4717
BB,-0.37662337662337664,46863
BB,-0.37662337662337664,40623
BBB,-0.25842696629213485,4266
BBB,-0.25842696629213485,5009
BBC,-0.49295774647887325,5498
BBC,-0.49295774647887325,4260
BBL,-0.6,4445
BBL,-0.6,4834
BBQ,-1.0,6193
BBW,-0.2463768115942029,9342
BCC,-0.43902439024390244,4382
BCH,-0.5333333333333333,7088
BDOG,-0.056338028169014086,7214
BE,-0.1111111111111111,16679
BEAGLE,0.3333333333333333,4329
BEANIE,-1.0,6271
BEAR,-1.0,4097
BEAST,-1.0,4547
BEASTMODE,-0.20238095238095238,5993
BEAU,-0.25,5185
BEBE,-0.2692307692307692,4133
BEBE,-0.2692307692307692,7720
BEBE,-0.2692307692307692,4129
BEDU,-0.29411764705882354,11593
BELIEF,-0.19327731092436976,12747
BEN,-0.15987460815047022,4342
BEN,-0.15987460815047022,5152
BENI,-0.42857142857142855,5063
BERRY,-0.3333333333333333,144320
BETZY,-0.2777777777777778,90209
BFB,-0.2,15004
BFF,0.09090909090909091,4966
BFG,-0.6153846153846154,5214
BFK,0.16666666666666666,4492
BFLOWS,-0.29411764705882354,4831
BGG,0.6,4384
BHAD,-0.6666666666666666,8369
BHOR,0.0,7233
BIANCA,1.0,4140
BIBI,0.0,4749
BIDEN,-0.5384615384615384,19146
BIDEN,-0.5384615384615384,4515
BIDO,-0.25,4403
BIEBER,-0.09090909090909091,4464
BIG,-0.16666666666666666,4837
BILADEN,-0.5774647887323944,4522
BILL,-0.6041131105398457,6969
BILL,-0.6041131105398457,5376
BILLION,-0.23076923076923078,6718
BILLY,-0.2,4213
BINO,-0.24414715719063546,7975
BIRDIE,-0.2727272727272727,20823
BIT,-1.0,6107
BITCH,-0.5,23028
BITTY,-0.34328358208955223,27493
BJ,1.0,4508
BKBBB,-1.0,4220
BLACKOUT,-0.2,4080
BLAKE,-0.6470588235294118,4129
BLESS,-0.0036900369003690036,4904
BLINK,-1.0,4977
BLINK CAT,-0.5,5460
BLM,0.2,4006
BLOCKCHAIN,-1.0,4990
BMAGA,-0.7142857142857143,11411
BMI,-0.3333333333333333,4899
BMichi,-0.29523809523809524,4667
BNEIRO,-0.2631578947368421,4536
BOAI,-1.0,4147
BOBO,-0.3225806451612903,4401
BOBO,-0.3225806451612903,4182
BOBR,-0.19607843137254902,6271
BOD,0.0,4975
BOD,0.0,7679
BOFAG,-0.68,6339
BOG,-0.35802469135802467,5033
BOGME,0.2,4582
BOLIVIA,0.0,4377
BOLLY,0.0,4210
BOLT,-0.2,4238
BOLT,-0.2,4571
BOME,-0.16666666666666666,4229
BOME,-0.16666666666666666,4311
BOO,-0.4,18567
BOO,-0.4,4292
BOOG,1.0,4450
BOOKIE,-0.2222222222222222,4205
BOOM,-0.2,7054
BOOM,-0.2,4109
BOOMER,-1.0,5540
BOON,-0.6666666666666666,6508
BOOP,-0.5833333333333334,4352
BOOP,-0.5833333333333334,4429
BOOST,0.3333333333333333,4913
BOOW,0.0,5041
BOPS,-0.44931506849315067,5795
BOPS,-0.44931506849315067,5607
BORZ,0.0,4036
BOS,-0.8571428571428571,4556
BOTTLE,-0.4,4867
BOWL,-0.15,4462
BOYS,1.0,6002
BPACK,-0.36363636363636365,4525
BPEPE,-1.0,6078
BRADLEY,-0.5294117647058824,4845
BRAT,-0.3333333333333333,4103
BRAT,-0.3333333333333333,4525
BREAD,-0.4857142857142857,4708
BRIAN,-1.0,4228
BRKSUM,-0.4318181818181818,4663
BRO,-0.30434782608695654,4957
BRO,-0.30434782608695654,4427
BRO,-0.30434782608695654,18288
BROG,-0.5,4930
BROTHER,-0.3333333333333333,8883
BROTHER,-0.3333333333333333,10522
BROTHER,-0.3333333333333333,7997
BRUH,-1.0,8509
BSOL,-0.6744186046511628,5081
BTC,-0.2727272727272727,4522
BTC,-0.2727272727272727,4713
BTC,-0.2727272727272727,4644
BTRUMP,-0.3103448275862069,4114
BUB,0.09090909090909091,89232
BUBBLES,-0.23404255319148937,4659
BUBBY,-0.5454545454545454,4945
BUCK,1.0,4342
BUDD,-0.06870229007633588,11977
BUDDHA,-0.4,4992
BUDDHA,-0.4,5183
BUDDY,-0.23076923076923078,7272
BUFF,-0.44,4741
BUFFY,-0.2845528455284553,4260
BULL,-0.5675675675675675,41451
BULL,-0.5675675675675675,4750
BULLY,-0.06666666666666667,4587
BULLY,-0.06666666666666667,4676
BUMBO,-0.3026315789473684,5245
BUMMER,-0.3584905660377358,4370
BUMP,-0.3333333333333333,4922
BUN,-0.18518518518518517,4374
BURGAM,-0.6470588235294118,9707
BUSK,-0.6666666666666666,4199
BUTTA,-1.0,4908
BUTTPLUG,-0.5,13138
BUTTROCK,-0.42857142857142855,4792
BYME,-0.5,4929
BYTE,-1.0,7921
Baby Dog,-1.0,4337
BabyBan,0.25,11580
BabyPepe,1.0,4446
Balltze,-0.28205128205128205,5306
Bandit,1.0,5373
Bandz,-0.3230769230769231,4544
Bangz,-1.0,4255
Bed,-0.13513513513513514,4676
BeetCat,-0.1902439024390244,4886
Bidən,-0.14285714285714285,7793
BillyAI,1.0,4354
Bitcoin Ai,-0.2857142857142857,4998
BluBol,-0.29537366548042704,5898
Bludpe,-0.17647058823529413,4453
Bob,-0.5068493150684932,4761
Boba,-0.5333333333333333,4485
Bodi,-1.0,4813
Bonita,-0.18181818181818182,5703
Bonzi,-0.2727272727272727,4801
Boob,-0.08955223880597014,6240
Booh,-1.0,6887
Bounce,-1.0,5557
Boxer,-0.31343283582089554,5643
Boy,-0.5,4061
Boza,-0.7142857142857143,5077
Brad Lee,-0.38071065989847713,8643
Brav,-0.39473684210526316,5214
Brazil,0.22580645161290322,6065
Breast,-0.3333333333333333,4444
Bro,-0.6097560975609756,66476
Brother,-0.3333333333333333,4300
Bruh,-0.38095238095238093,310818
BuLLz,-0.381294964028777,4774
Bubbi,-0.4492753623188406,4393
Bubbles,-0.5294117647058824,4202
Bubbles,-0.5294117647058824,4917
BuffetG,-0.15,8472
Build,-0.21212121212121213,5614
BullOX,-1.0,5389
Bumbaclart,0.3333333333333333,6926
Burger,-0.375,7406
Buttcrack,-1.0,6227
Buzy,0.1111111111111111,4497
Byeden,-0.14814814814814814,10853
C3C,-0.0847457627118644,4396
CA,-0.5416666666666666,4636
CABALA,0.0,19056
CALA,-1.0,4660
CAMEL,-0.09090909090909091,7161
CANE,-0.42857142857142855,78692
CAP,-0.813953488372093,9398
CAP,-0.813953488372093,7946
CAPITAN,-0.22727272727272727,4842
CASH,-0.3786407766990291,4357
CAT,-0.43373493975903615,6687
CAT,-0.43373493975903615,4676
CAT,-0.43373493975903615,5860
CAT,-0.43373493975903615,4515
CATBAL,0.14285714285714285,5156
CATDGE,-0.6,4464
CATE,-0.34210526315789475,5388
CATE,-0.34210526315789475,10738
CATGIRL,-1.0,4431
CATGON,-0.4084507042253521,5029
CATI,1.0,6023
CATMESS,-0.12,4223
CATMOS,-0.7777777777777778,4116
CATMOUSE,-0.5454545454545454,5915
CATPCHA,0.0,4191
CATU,-0.5,10113
CATW,-0.3235294117647059,4490
CBO,-0.7777777777777778,4327
CBear,-0.32608695652173914,4164
CC,-0.6,4430
CCC,-0.18933333333333333,5145
CDOGE,0.0,4311
CEBAL,-0.26666666666666666,4272
CEEK,0.5094339622641509,6307
CEEK,0.5094339622641509,12412
CELO,0.3333333333333333,8265
CENTED,-1.0,4420
CFDS,-1.0,4381
CHADGPT,-0.4090909090909091,4849
CHAIR,-0.10526315789473684,54594
CHAMP,-0.15789473684210525,4569
CHAP,0.03225806451612903,4374
CHEDDA,1.0,5537
CHEEBS,-0.3191489361702128,20036
CHEEMS,-0.08333333333333333,4197
CHEEMS,-0.08333333333333333,6515
CHEEMS,-0.08333333333333333,4526
CHEESE,-0.5135135135135135,4255
CHEETO,-0.5031055900621118,6314
CHEEZ,-0.3333333333333333,4324
CHEF,-0.5,5214
CHEF,-0.5,5069
CHENDOG,-1.0,5258
CHEPE,-0.08994708994708994,5758
CHESS,-0.5555555555555556,4906
CHICHI,-0.5,4345
CHICKEN,-0.043478260869565216,6400
CHIIKAWA,-0.3103448275862069,637420
CHILADY,-0.13333333333333333,4867
CHIP,-0.8260869565217391,4416
CHIP,-0.8260869565217391,5211
CHIP,-0.8260869565217391,5122
CHIRO,-0.2727272727272727,4960
CHISE,-0.3,4887
CHITTY,-0.3333333333333333,4605
CHK,-0.3333333333333333,4135
CHLOE,-0.5714285714285714,7883
CHOPPA,-0.2,6569
CHOWIE,0.14285714285714285,89804
CHUBBY,-0.29411764705882354,4369
CHUNK,-1.0,7320
CHWAD,-0.4330708661417323,76325
CHWY,-0.1,4532
CIGGY,-0.2631578947368421,5083
CLAWD,-0.6,4830
CLICKING,0.037037037037037035,485153
CLIFF,-0.3333333333333333,7113
CLIPPY,0.5,4359
CLOCK,-0.4444444444444444,6234
CLOSER,-0.6666666666666666,4452
CNB,-0.6666666666666666,9475
CNB,-0.6666666666666666,4204
COBY,-0.4634146341463415,5621
COCK,0.2857142857142857,4926
COCK,0.2857142857142857,6345
COCKY,-0.8461538461538461,4699
COCOA,-0.3333333333333333,5390
CODE,-0.466529351184346,5702
CODED,-0.41732283464566927,5591
COIN,-0.5081967213114754,4160
COMEBACK,-0.2,5564
COMFY,-0.5,5940
COMICS,0.0,4053
COOK,-1.0,9171
COOKIE,-0.6,8030
COON,-0.050359712230215826,5500
COOPER,-0.3333333333333333,9066
COOPER,-0.3333333333333333,4818
COPITO,-0.449438202247191,9287
CORNDOG,-0.4583333333333333,5165
COS,-0.42857142857142855,4274
COTTON,-0.7142857142857143,4356
COUCH,0.0,35927
COULD,-0.7647058823529411,8722
COWS,-0.5,13421
CP,-0.4857142857142857,5780
CPBRETT,-0.1891891891891892,4117
CRASH,-0.875,4071
CRASH,-0.875,4135
CRAWLY,-0.8666666666666667,45253
CRAWLY,-0.8666666666666667,7735
CRIF,-0.4,4307
CROCK,-1.0,5740
CROCO,-0.3888888888888889,5144
CROK,0.15384615384615385,4966
CRYPSTOCKS,0.0,8616
CRYPTOIDS,-0.6,5500
CRYSTAL,-0.1024390243902439,5488
CRYSTAL,-0.1024390243902439,4412
CS,0.3333333333333333,5624
CSG,0.1111111111111111,5425
CT,-0.3333333333333333,4409
CTO,-0.3993174061433447,4715
CTO,-0.3993174061433447,6259
CTO,-0.3993174061433447,6019
CTO,-0.3993174061433447,4237
CTO,-0.3993174061433447,5322
CULT,1.0,4474
CULTS,-0.22388059701492538,5482
CULTURE,0.25925925925925924,69017
CUNT,-0.242,4694
CURSOR,-1.0,4589
CUTIS,-0.2168284789644013,4527
CUW,-0.4731182795698925,4306
CWAT,-0.5023041474654378,5474
CWAZY,-0.9393939393939394,4921
CWI,-0.8461538461538461,5021
CWIFIHAT,-0.3333333333333333,5316
CYBER,-0.4392523364485981,4708
CYBERCAB,-0.15789473684210525,6679
CYBTRUMP,0.5,4158
CYPHER,-1.0,34908
Candy,0.14285714285714285,4012
Capys,-0.2631578947368421,8287
Cash,-0.4457831325301205,16039
CassyAI,-0.5,4078
Castro,-1.0,5271
Cat,-0.5,8001
Catman,-0.3333333333333333,4699
Catsfish,-0.37254901960784315,4395
CbBTC,-0.7142857142857143,4876
Chaco,-0.4,5117
ChadX,0.14285714285714285,5729
Charmy,-0.3333333333333333,4710
Checkmate,0.2,4303
Cheems,0.0,5389
Chicken,-0.37254901960784315,4088
Chill cat,-0.14285714285714285,8787
China,0.0,4098
ChinaWIF,-0.5384615384615384,4577
Choccy,-0.35,16901
Chonburi,-1.0,4275
Chorizo,-0.3333333333333333,5073
Chris,-0.75,40908
Christie,-1.0,4876
Chucky,-0.2,22671
ClippyGPT,-0.1111111111111111,4155
Clit,-1.0,6032
CloudCoin,-1.0,4654
Cockpit,0.0,5069
Cookie,0.42857142857142855,4214
Corru,-0.25,5977
Cowsay,-0.36,5122
Crabs,-0.43820224719101125,9622
Cute,0.23076923076923078,5346
Cuttlefish,-0.28,13921
Cyber,-0.34375,7643
DACHI,-0.6097560975609756,4461
DAD,-0.6129032258064516,4746
DADDY,-0.3626373626373626,4322
DADDY,-0.3626373626373626,4529
DADDY,-0.3626373626373626,4851
DADDY,-0.3626373626373626,11042
DADDY,-0.3626373626373626,29491
DADDYD,-0.1111111111111111,4833
DADDYTRUMP,-0.45454545454545453,4790
DAISY,-1.0,5737
DAMN,-0.7333333333333333,5139
DAN,0.3333333333333333,35918
DANGER,-0.5,4176
DANTE,0.6,7623
DAO,0.1111111111111111,6506
DAO,0.1111111111111111,4372
DARKEN,-0.5238095238095238,5520
DARKMUSK,-0.38095238095238093,4322
DATA,-0.39849624060150374,4598
DATAISM,-0.36,5151
DAVE,0.059907834101382486,4080
DAVIDO,0.14285714285714285,4816
DAWGS,-0.2,4568
DAZZI,-0.043478260869565216,4877
DBARRON,-1.0,4336
DBILL,-0.4492753623188406,4851
DC,-1.0,4727
DCA,-0.6448598130841121,4833
DCAT,-0.6,5623
DCLOUD,-1.0,5149
DDOG,-0.8,74787
DEAR,-0.3333333333333333,4400
DEBATE,-0.4491017964071856,5009
DEBT,-0.7966101694915254,4515
DEEPFRIED,-0.2920353982300885,6689
DEEXNUTS,-1.0,4228
DEEZ,-0.16666666666666666,8316
DEK,-0.4268292682926829,4861
DELON,-1.0,4881
DELUSIONAL,-1.0,4293
DENGU,-0.37755102040816324,5590
DEREK,-0.13636363636363635,5064
DERP,-1.0,45689
DEV,1.0,4527
DEX,0.0,5381
DGN,0.01897810218978102,5786
DIAMOND,0.07142857142857142,7531
DIAMOND,0.07142857142857142,4719
DIC,-0.42,4434
DICCY,-0.3548387096774194,4224
DICKY,-1.0,5281
DICKY,-1.0,7627
DIDDY,-0.5714285714285714,36596
DIEGO,-0.5,5535
DIP,-0.45985401459854014,4366
DIP,-0.45985401459854014,4654
DIRT,-0.35714285714285715,5772
DISCORD,1.0,5378
DISCORDMOD,-0.2786885245901639,6508
DITE,-0.5384615384615384,12749
DJ,-0.25,95682
DJT,-0.5454545454545454,4763
DJT,-0.5454545454545454,4538
DJT,-0.5454545454545454,6125
DJT,-0.5454545454545454,4110
DLORD,-1.0,5147
DMD,-0.4766355140186916,6180
DMON,-1.0,5225
DMON,-1.0,45783
DMT6900,-0.3333333333333333,5168
DO,-0.8333333333333334,6703
DOAEM,0.2,11726
DODGERAM,-0.4105263157894737,5083
DOEM,-1.0,4646
DOG,-0.6666666666666666,8566
DOG,-0.6666666666666666,21523
DOG,-0.6666666666666666,4710
DOG,-0.6666666666666666,4271
DOG,-0.6666666666666666,4166
DOGE,-0.6363636363636364,8169
DOGE,-0.6363636363636364,8805
DOGE,-0.6363636363636364,10368
DOGE,-0.6363636363636364,5256
DOGE2,-0.6173913043478261,9118
DOGGY,0.0,8635
DOGNUT,-0.3333333333333333,4824
DOGPFP,-0.11627906976744186,4314
DOGPOOL,-0.15789473684210525,6043
DOGS,-0.24324324324324326,5826
DOGSOL,-0.2,5523
DOGTOR,-0.49473684210526314,4483
DOGZ,-1.0,10008
DOLLY,-0.35135135135135137,4195
DONA,0.0,4031
DONKEY,1.0,4039
DONUT,-0.38461538461538464,5179
DOOGLE,-0.43847487001733104,4842
DORA,-0.8518518518518519,14697274
DORAE,-1.0,4921
DORAE,-1.0,4200
DORK,1.0,5112
DOS,-0.3707052441229656,4293
DOT,-0.2857142857142857,25196
DOUG,-1.0,4252
DOWN,-0.3333333333333333,4667
DOWN,-0.3333333333333333,17847
DPOPCAT,0.14285714285714285,4095
DPR,0.3333333333333333,165242
DRAGON,-0.8064516129032258,8925
DRAWN,-0.4295774647887324,11557
DRCK,-0.360381861575179,4920
DRGN,-0.04,67830
DRIPPY,-0.5813953488372093,4464
DROPOUT,-1.0,4051
DRZZ,-0.5555555555555556,249907
DTATE,-0.45,4774
DTC,-0.5555555555555556,6835
DUDE,-0.4883720930232558,6349
DUDE,-0.4883720930232558,5866
DUKE,0.0,4156
DUKO,-1.0,4678
DUMPTRUMP,0.6,4844
DWADE,-0.5454545454545454,5929
DWIZ,-0.7142857142857143,4231
DXM,-0.25925925925925924,4186
Daddy,-0.8,6321
DaddyChill,-0.17647058823529413,752747
Daikiti,-0.2,4388
Dan,-0.45454545454545453,5322
Daphne,-1.0,5608
Dave,-1.0,4538
David,-0.5555555555555556,4744
DeGods,-0.7333333333333333,4277
Debate,-0.102803738317757,17099
Debbie,-0.4358974358974359,4443
DejaVu,-0.6842105263157895,4321
Dekopon,-0.5454545454545454,71377
Diana,-1.0,4802
DinnerCat,-1.0,5863
DirtyD,-0.1232876712328767,5160
Djmaga,-0.2911392405063291,4469
Doddy,-1.0,4112
Dog,-0.2,4447
DogGPT,-0.5172413793103449,5920
Doge,-0.2727272727272727,4769
Dogs,-0.5294117647058824,5845
Dogue,-0.45454545454545453,4128
DolLuR,-0.5555555555555556,6979
Dolphin,0.5,4551
Donald,-0.3333333333333333,4246
Donald,-0.3333333333333333,5997
Done,-0.48360655737704916,6860
DonnyT,1.0,4353
Doug,-0.5789473684210527,5586
Dreez,0.3333333333333333,4729
Drop,-0.34814814814814815,12093
Duc,-0.8,4209
Duckaprio,-0.2404692082111437,4659
Dumilio,-0.21904761904761905,4914
Dylan,-0.5555555555555556,4903
EAGLE,0.2727272727272727,4048
EAR,-0.7714285714285715,4548
EAR,-0.7714285714285715,4859
EAT,-0.14285714285714285,5945
EATEN,-0.42857142857142855,11193
ECHOX,-0.5555555555555556,4799
ECUL,-0.20440251572327045,4913
EDEN,-0.5384615384615384,4123
EDGAR,-1.0,4124
EDISON,0.3333333333333333,4894
EEW,-1.0,4154
EGG,-0.2669039145907473,9775
EGGCAT,-1.0,4356
EGGY,-0.6551724137931034,4246
EGYPT,-1.0,4577
EIC,-0.6666666666666666,4249
EIC,-0.6666666666666666,5341
ELE,-1.0,4500
ELIGIUS,-0.3333333333333333,4303
ELIZABETH,-0.7777777777777778,4460
ELLIOT,-0.8571428571428571,5168
ELLIOT,-0.8571428571428571,4425
ELMO,-0.6363636363636364,8003
ELON,-0.39805825242718446,4560
ELON,-0.39805825242718446,8261
ELON,-0.39805825242718446,9698
ELON,-0.39805825242718446,6639
ELONATE,1.0,4462
ELSA,0.3333333333333333,5483
ELZA,0.0,4318
EMA6900,-0.2222222222222222,6235
EMI,-0.4117647058823529,4532
ENDER,-0.2,6100
ENISA,-1.0,4643
EOT,-0.5,6160
ESTI,-0.6091954022988506,5246
ESTI,-0.6091954022988506,7059
ETH,0.3333333333333333,4708
ETHAI,-0.4,10347
ETS,-0.6666666666666666,14974
EUGENE,0.0,4702
EURO2024,-0.3684210526315789,4255
EVE,-1.0,4428
EVEAI,-1.0,99811
EVIL,-1.0,4399
EWE,0.2,4888
EXAFLOP,-0.35294117647058826,4502
EXE,-0.4954954954954955,7508
EXNODE,0.0,6664
EXONUMIA,-0.3253012048192771,12606
EXOPET,-0.25,4604
Echo,-0.1111111111111111,5677
Ekmek,-0.660377358490566,12033
ElonMusk,0.12,9119
Emily,-0.17647058823529413,14990
Endy,-0.6712328767123288,8832
Energy,-1.0,5098
Equinox,-0.2727272727272727,4200
Equinox,-0.2727272727272727,4136
Estee,-0.3411764705882353,14077
Ethereum,-0.6,4983
Ethereum,-0.6,4664
F7931A,-0.3333333333333333,4611
FACE,-0.2,5722
FAGGOT,0.5,4931
FAKETAXI,-0.8181818181818182,4207
FAM,-0.3283582089552239,4245
FAMILIA,-0.10294117647058823,8699
FATCAT,-0.29896907216494845,5370
FATCAT,-0.29896907216494845,4451
FATHER,-0.14285714285714285,4464
FATHERSDAY,1.0,4648
FBI,-0.23076923076923078,11638
FBI,-0.23076923076923078,4733
FCAT,-0.3880597014925373,4354
FCPD,-0.37074148296593185,7505
FD,-0.39285714285714285,4615
FE,-0.3333333333333333,30339
FEET,0.3333333333333333,35943
FEFE,-1.0,10063
FELIX,-0.3333333333333333,5316
FEPE,-0.2894736842105263,4478
FEPPE,-0.4,4692
FERGUS,-0.2336448598130841,4660
FERN,0.42857142857142855,4597
FEW,-0.6056338028169014,5619
FFTP,-0.6666666666666666,5897
FFTP,-0.6666666666666666,4819
FHulk,-0.46153846153846156,4397
FI,-0.8571428571428571,15683
FIGHT,-1.0,5094
FIGHTUS,-0.23809523809523808,6694
FILY,-0.25,4362
FIN,-0.10679611650485436,4265
FIONA,0.16666666666666666,4458
FIONA,0.16666666666666666,21683
FIRE,1.0,4556
FIREWORKS,-0.36666666666666664,4447
FISHY,-0.6666666666666666,5037
FIST,-0.5714285714285714,7163
FIST,-0.5714285714285714,7570
FKAIS,-0.7647058823529411,10487
FLAT,-1.0,4196
FLAVIAOFF,0.0,4103
FLAWED,-0.25301204819277107,5071
FLEX,-0.5,5157
FLOKI,0.2,5747
FLOKIF,-0.7777777777777778,7563
FLORK,1.0,4378
FLUFFY,0.3333333333333333,4805
FML,-0.6521739130434783,4750
FMODANA,-0.4594594594594595,24346
FMYRO,-0.3333333333333333,4603
FOMC,-0.3381818181818182,4488
FOMC,-0.3381818181818182,7375
FOREST,-0.6666666666666666,43304751
FORTNITE,-0.5961538461538461,13855
FP,-0.68,5021
FRANK,-0.5,4267
FRAT,-0.75,4148
FRAUD,-0.5714285714285714,35607
FRAUG,-1.0,5037
FRAWG,-0.36363636363636365,5003
FREAK,-0.3333333333333333,10673
FREDO,-0.45454545454545453,5219
FREE,-0.375,105078
FREE G,-0.8,9173
FREEDOM,-0.2727272727272727,8848
FRENCH,-1.0,4190
FRENS,-0.4117647058823529,4368
FRENS,-0.4117647058823529,4974
FRENS,-0.4117647058823529,5654
FRIED,-0.6363636363636364,6844
FRIES,-0.14285714285714285,7487
FRIES,-0.14285714285714285,8441
FRODO,-1.0,4870
FROG,-0.25,4290
FROG,-0.25,4791
FROG,-0.25,4144
FROSTY,-0.5740740740740741,4690
FRUIT,-1.0,4557
FS,-0.3333333333333333,4969
FSCD,-0.15151515151515152,6500
FSG,-0.3870967741935484,4263
FSH,-0.14285714285714285,5199
FSIC,-1.0,4143
FSN3000,-0.28743961352657005,5490
FT150,-0.625,10597
FTJ500,-0.26537785588752194,110364
FTX,-0.2631578947368421,5541
FUBAO,-0.11764705882352941,9187
FUC,-0.26881720430107525,5866
FUCK ETH,-0.17647058823529413,5778
FUCKADIN,0.14285714285714285,22185
FUCKCELEB,-0.2289156626506024,4416
FUCKCTO,-0.5454545454545454,4392
FUCKJENNER,-0.3076923076923077,8179
FUCKPAULY,-0.5483870967741935,6501
FUCKTRON,-0.6,4353
FUCKTRUMP,-0.6,4612
FUD,-0.375,9567
FUFU,-0.3333333333333333,4482
FUKU,-0.38461538461538464,4552
FUKYOU,-0.6470588235294118,5046
FUND,-0.09090909090909091,35627
FURDA,-0.6,5871
FUTA,-0.4666666666666667,6336
FWC,-0.457286432160804,8283
FWEI,1.0,4981
FWEL,0.7197197197197197,9177
FWIEN,-0.2727272727272727,5924
FWIEN,-0.2727272727272727,4309
FWON,0.0,4317
FWOON,0.78,13263
FYRE,0.1111111111111111,7450
Faddy,-1.0,32369
FatPepe,-0.2446351931330472,33646
Father,-0.6923076923076923,12569
Father,-0.6923076923076923,5993
FiDog,-0.375,5067
Fifi,-0.30612244897959184,5832
Figgles,0.2,6342
Finn,-0.3076923076923077,4467
Flame,-0.6421052631578947,4219
Flex,-1.0,4319
Flow,-0.0625,4575
FlynnVP,-1.0,5041
FoM,-0.4225352112676056,5718
Forest,1.0,4447
Foxe,-0.4444444444444444,7762
Foxi,-0.42105263157894735,4322
Freaky bob,-1.0,8764
Frens,-0.8095238095238095,21689
Frogie,0.16666666666666666,48105
Fudder,-0.5172413793103449,5320
Fusa,-0.2857142857142857,6953
Futa,-0.3333333333333333,4662
Fuzai,-0.2727272727272727,4336
Fwogus,-0.21836228287841192,4595
Fwork,-0.3559322033898305,4372
G,-1.0,4499
G,-1.0,4579
GAE,-0.18181818181818182,5867
GAIN,-0.23642732049036777,5186
GAIN,-0.23642732049036777,4933
GAME,-1.0,4702
GAMER,-1.0,4278
GAMMA,-0.8823529411764706,8633
GARBAGE,-0.5,6682
GARY,-0.38461538461538464,4769
GASTON,-0.3392857142857143,4864
GAT,-1.0,4421
GAY,-0.32947976878612717,4848
GAY,-0.32947976878612717,5488
GAY,-0.32947976878612717,4356
GAYME,-1.0,15428
GAYSCREENR,-0.45901639344262296,4728
GBA,-1.0,6157
GC,-0.3897058823529412,5041
GD,-0.5727272727272728,4494
GEEKED,-0.43548387096774194,5546
GEM,-0.1794871794871795,4545
GEMINI2,-0.09090909090909091,5318
GENESIS,-0.7142857142857143,4099
GEORGIE,-0.464,27171
GEPE,-0.1958762886597938,9963
GFL,0.2,4087
GFM,-0.4942528735632184,5896
GG,-0.18811881188118812,112479
GHOST,-0.3771106941838649,5509
GHOST,-0.3771106941838649,4462
GIGAGOAT,-0.19148936170212766,4825
GIGAPEPE,-0.5076923076923077,25479
GIGATRUMP,-0.08333333333333333,14066
GIGG,-0.2,85593
GIGGA,-0.7142857142857143,4530
GIKO,1.0,5534
GILL,-0.5,5198
GILLY,-0.6923076923076923,6446
GINGJOY,-1.0,4270
GINNAN,-0.6923076923076923,4910
GINNAN,-0.6923076923076923,5069
GL420,0.0,4153
GLIM,-0.5,4509
GLIZZY47,0.25,5944
GLORIA,-0.6,5058
GM,-0.2366412213740458,4731
GM,-0.2366412213740458,4987
GM,-0.2366412213740458,6631
GMAIL,-0.15789473684210525,5143
GMARIO,-0.7142857142857143,4906
GMC,-0.3644859813084112,4387
GMC,-0.3644859813084112,8118
GMCAT,-1.0,4321
GMEPOP,-0.5135135135135135,4435
GMEW,-0.3333333333333333,4727
GNOME,0.125,4146
GNUN,-0.3333333333333333,4784
GOAT,0.0,4165
GOAT,0.0,4279
GOAT,0.0,4229
GOATDOG,-1.0,5102
GOATS,-1.0,6272
GODFATHER,-1.0,4145
GODFATHER,-1.0,14055
GOEG,0.14285714285714285,4125
GOKU,-0.25,6978
GOLD,-0.5,4394
GOLD,-0.5,5266
GOLDI,-0.75,5331
GOOFS,0.20588235294117646,5137
GOOK,-0.3231552162849873,7002
GOOMBA,-0.21739130434782608,7079
GOPRO CAT,0.0,11021
GORF,-0.125,4334
GORM,-0.5510204081632653,38936
GOTHGF,-0.625,79803
GP,-0.48148148148148145,4817
GPIG,0.0,5743
GPS,-0.46987951807228917,5423
GPS,-0.46987951807228917,5194
GPT,-0.14285714285714285,4959
GPT5,-1.0,740898
GQ,0.1111111111111111,6439
GR00T,-0.18181818181818182,4562
GRAJS,-0.6470588235294118,4162
GRANDMA,-0.2,5652
GRANDPA,-0.6774193548387096,4365
GRASS,-0.45652173913043476,4258
GREED,-0.25925925925925924,52228
GREEN,-0.38672768878718533,4234
GREEN,-0.38672768878718533,8528
GREEN,-0.38672768878718533,4980
GREG,-0.31333333333333335,4772
GREG,-0.31333333333333335,4911
GREGORY,0.45454545454545453,4787
GRIMACEX,0.0,4177
GROKCAT,-0.2,4398
GROKWIF,0.2727272727272727,7875
GROYPER,0.23076923076923078,4284
GRPHONE,-0.6363636363636364,4513
GRUBAT,-0.6666666666666666,4437
GRUK,-0.6923076923076923,9423
GRUK,-0.6923076923076923,71909
GRUMP,-1.0,6317
GRUMPO,-0.8823529411764706,8735
GTA,-0.037037037037037035,23747
GTOILET,-0.3142857142857143,52137
GUDTEK,-0.42857142857142855,9572
GUMSHOOS,1.0,4859
GUS,-1.0,5003
GWAG,-0.3333333333333333,5313
GWEN,-0.13793103448275862,4327
GWORP,0.0,8156
GYATTBERG,-0.16666666666666666,4668
Gambol,-0.10344827586206896,4626
GameCock,-0.75,12039
Gang,-0.35172413793103446,9846
Gerry,-0.28169014084507044,47576
GhostVPN,-0.5,6663
GigaCat,-1.0,4456
Giggles,-0.125,5006
GlaDoS,-1.0,9418
Goat,-0.175,16552
God,-1.0,5244
GodMother,-1.0,4022
Goku,-0.8,4811
Goofi,-0.4230769230769231,4569
Gorda,-0.2897196261682243,8171
Goron,-0.16666666666666666,6358
Grace,-0.6,4985
Green,-0.015873015873015872,96441
Greta,-0.7272727272727273,38146
Grok 2,-0.8518518518518519,5710
Grump,-0.3333333333333333,4225
GuaXiao,-0.25,4201
Guido,1.0,4480
HAA,-1.0,4956
HAALAND,-0.2345679012345679,5211
HABIBI,0.02564102564102564,4076
HABIBTI,-0.7142857142857143,5083
HADES,1.0,4108
HADTO,-0.29411764705882354,5164
HALL,-0.6363636363636364,4299
HALLOWEEN,-1.0,5687
HAMB,-0.5294117647058824,34925
HANDI,-0.36363636363636365,4198
HANK,-0.44,4961
HANK,-0.44,8313
HANU,-0.6363636363636364,4352
HAPI,-0.45098039215686275,4713
HAPPY,-0.36363636363636365,187926
HAPPY,-0.36363636363636365,4460
HAPPYDAD,-0.5,7641
HARD,-0.5384615384615384,120538
HASMA,-0.14285714285714285,4128
HATCAT,-0.29515418502202645,4930
HAWKT,-0.38214643931795383,4658
HAWKWIF,-0.25,5837
HBO,-0.3103448275862069,4892
HC,-0.3186119873817035,7201
HC,-0.3186119873817035,5509
HD,-0.10714285714285714,4516
HDJU,0.0,5079
HDMI,-0.4387755102040816,40559
HDOL,-0.21052631578947367,4268
HEAT,-1.0,4640
HEAVY,-1.0,4493
HELI,-0.25,5152
HER,-0.4666666666666667,6754
HERA,-0.5,4182
HERB,-0.3125,5686
HI,0.0379746835443038,5410
HIDD,-0.6666666666666666,4103
HIKIKO,-0.5,5343
HIM,-0.13855421686746988,5093
HIM,-0.13855421686746988,4256
HIM,-0.13855421686746988,4228
HIMARI,1.0,4218
HIT,-0.3274336283185841,5499
HIW,-0.5813953488372093,4296
HOE,-0.3333333333333333,4666
HOLY,-0.2727272727272727,4874
HOME,-0.1949685534591195,4577
HOMO,-0.0967741935483871,4523
HOO,-0.7575757575757576,5925
HOPE,-0.040983606557377046,11252
HOPIUM,-1.0,4328
HOSHI,-0.4538152610441767,4417
HOSHI,-0.4538152610441767,7910
HOSS,-1.0,4836
HOTK,0.3333333333333333,4272
HOWLY,-0.10638297872340426,273539
HPUMP,-1.0,11646
HRTY,-0.43478260869565216,4455
HTL,-0.08695652173913043,4857
HTML,-0.1901840490797546,4914
HUDSON,-0.29411764705882354,7991
HUG,-1.0,6641
HUGH,-0.5,29516
HUGO,-0.6666666666666666,7278
HUH,0.1111111111111111,12136
HUH,0.1111111111111111,5721
HULK,-0.6666666666666666,4310
HULLY,0.6666666666666666,4413
HUMPER,-0.582089552238806,4384
HUMY,-0.2,4482
HUZZ,-0.25,9358
Hair,-0.3333333333333333,10318
Ham,-0.3333333333333333,4653
Hambo,-0.4588235294117647,5747
Hamri,-0.6363636363636364,4651
Hanabi,-0.8222222222222222,12698
Harry,-0.4827586206896552,10941
Hazel,-0.8545454545454545,20937
Helios,-1.0,4510
Hello,-0.42857142857142855,4428
Henson,-0.5,4217
HentAI,-1.0,51566
Hilly,-0.045454545454545456,4551
Hippo,-0.42857142857142855,4323
Hisoku,-0.3333333333333333,5363
Hochi,-0.5384615384615384,4375
HoldBilly,-0.4,4504
Hoppo,-0.375,4443
Horny,-0.5,766316
HorrorAI,-1.0,4090
Howie,-0.30578512396694213,5673
Hun,-0.12307692307692308,9958
HyperSun,-0.24285714285714285,12701
Hypnotoad,-0.7647058823529411,5436
IB,-0.6216216216216216,17820
IB,-0.6216216216216216,663397
IBELIN,0.2571428571428571,4486
ICARUS,0.0,5701
ICE,-0.5,4723
ICED,-0.3670886075949367,5647
ICY,-0.7777777777777778,4837
ID,-1.0,5453
IDGAF,-0.5709677419354838,7740
IGF,-0.46774193548387094,5043
IGGE,-0.5555555555555556,21364
IGGY,-0.18518518518518517,4276
IGGY,-0.18518518518518517,4491
IGGY,-0.18518518518518517,4487
IGGY,-0.18518518518518517,4352
IGGY,-0.18518518518518517,4569
ILYSM,-0.3333333333333333,5920
IMEME,-1.0,4155
INT,-0.5483870967741935,9377
IRS,-0.33495145631067963,31019
ISABELLE,-0.5590551181102362,5478
ISHMAEL,-0.16666666666666666,9723
ITO,0.03225806451612903,9584
ITSUMI,-1.0,5620
ITULY,-0.5652173913043478,4837
IVY,-0.3723404255319149,4761
IYKYK,-0.4074074074074074,4774
IYKYK,-0.4074074074074074,5024
Indra,-0.7352941176470589,5145
Inventory,-0.10204081632653061,4506
Itscorn,-0.6923076923076923,9909
JAIL,0.10344827586206896,5150
JAMES,-0.8181818181818182,4182
JANUSZ,-0.12195121951219512,5291
JAPEPE,-1.0,4058
JARMIN,0.0,4310
JCAT,-0.3333333333333333,4941
JD VAUNCE,0.5,5445
JEET,-1.0,4931
JENNY,-1.0,407913
JERRY,-1.0,4951
JESSIE,-0.64,4305
JEWDENG,-0.3076923076923077,5223
JEWFUN,-0.4,4307
JIFFY,-0.47368421052631576,4433
JIM,-0.3488372093023256,4312
JIMP,-0.3333333333333333,4265
JING,-0.3333333333333333,5766
JIZZCOIN,-0.42857142857142855,11837
JMAN,-0.1638418079096045,5862
JOEY,-0.104,4793
JOHN,0.0,10400
JOHNFLOCK,-1.0,4477
JOI,1.0,4622
JOKR,-1.0,4338
JOLLY,-1.0,4496
JONESY,-0.52,45168
JOSH,-0.5,20257
JOVANISH,1.0,4149
JP,-0.4166666666666667,6926
JUMBO,-1.0,4122
JUSTIN,-0.6666666666666666,5334
JUUL,-1.0,4440
Jajak,-0.6363636363636364,92417
Jay,-0.36153846153846153,4868
Jeet,-0.4666666666666667,4736
Jeetpal,-0.05319148936170213,16325
Jeffry,-1.0,4597
Jellie,-0.2702702702702703,4896
Jelly,-0.29411764705882354,4258
Jilly,-1.0,4513
Jindo,-0.6363636363636364,5688
Joe,0.05813953488372093,4366
Joe,0.05813953488372093,8711
Joker,-0.5555555555555556,6722
Jona,-0.7428571428571429,7244
Junie,0.0,4885
Justice,-0.2,4368
KAASHH,-1.0,4119
KABOOM,-0.5178571428571429,5386
KABOSU,0.17647058823529413,4067
KABSPLORE,-0.28205128205128205,4615
KAGURA,-0.6,4437
KAI,-0.8571428571428571,4708
KAIRO,-1.0,4070
KAL,0.3333333333333333,7093
KALLY,-1.0,5019
KAMLA,-0.06976744186046512,6723
KAMLCTO,-0.6538461538461539,4311
KAPPA,1.0,15922
KARATE,-1.0,4236
KARIN,-0.2222222222222222,4700
KARMA,-0.7333333333333333,4641
KART,0.14285714285714285,4797
KAYLA,-0.8947368421052632,4579
KAZOO,-0.0625,5056
KC,-0.6551724137931034,4885
KEKISTAN,-0.28205128205128205,4943
KEN,-1.0,4400
KENDU,-0.36585365853658536,5811
KEPE,-1.0,4652
KERO,-0.42857142857142855,6848
KEVIN,-0.2,5669
KEY,-0.23809523809523808,5669
KFC,0.0,4696
KGB,-0.40476190476190477,4329
KHABY,-0.76,4061
KHABY,-0.76,19712
KHABY,-0.76,4193
KIBA,1.0,25945
KIKO,-0.5357142857142857,4165
KILL,0.058823529411764705,4256
KILL PAMBI,-0.5,6450
KILLERCAT,1.0,4621
KIMI,-1.0,4124
KIMK,-0.5384615384615384,4318
KIMPUTIN,-0.15463917525773196,60514
KING,-0.4,4728
KING,-0.4,9236
KING,-0.4,9021
KING,-0.4,4710
KING,-0.4,10472
KIRA,0.14893617021276595,7119
KIRA,0.14893617021276595,4892
KIRA,0.14893617021276595,4090
KISIRI,-0.7391304347826086,5695
KITH,-0.6666666666666666,4792
KITLER,0.0,19068
KITSUNE,-0.3333333333333333,4356
KITSUNE,-0.3333333333333333,4265
KIWI,-0.5151515151515151,4140
KIZUNA,-0.3333333333333333,5140
KLING,-0.3333333333333333,9785
KNIGHT,-0.24324324324324326,6066
KNIGHT,-0.24324324324324326,10162
KOH,-0.2,9404
KOJO,-0.3333333333333333,4183
KOL,-0.6666666666666666,4639
KOL,-0.6666666666666666,4286
KOLT,-0.44680851063829785,89152
KOOKIE,0.10526315789473684,5159
KRAKEN,-0.33980582524271846,11277
KSUM,-0.20353982300884957,4797
KULT,-1.0,4207
KUMA,-0.375,7088
KUMA,-0.375,4845
KYC,-0.5217391304347826,5913
KYLO,-0.2608695652173913,5398
Kabocha,-0.42857142857142855,4683
Kabocha,-0.42857142857142855,4752
Kamala,0.32098765432098764,8747
Kane,-0.6666666666666666,4235
Kappa,-1.0,5032
Kardashian,-0.2857142857142857,4443
Karma,-0.4894433781190019,4687
Karma,-0.4894433781190019,19546
Kazumi,1.0,4082
Keith,-0.7777777777777778,27036
Ken,-0.7802197802197802,4547
Kiba,0.0,5775
Kilo,-0.14285714285714285,4351
Kilroy,-0.5,23981
Kily,-0.18120805369127516,4664
Kini,-0.08695652173913043,21778
Kisiri,-0.4603174603174603,5022
Kitty,-1.0,4542
KnifeCat,-0.4186046511627907,4247
Koda,-0.2052980132450331,7840
Koda,-0.2052980132450331,4729
Kopon,-0.15625,12737
Kosher,-0.3333333333333333,5628
Koto,-0.5789473684210527,6170
Krok,-0.18620689655172415,4254
Krypt,-0.7692307692307693,6898141
L,0.21739130434782608,4830
L,0.21739130434782608,4665
LAMA,0.2631578947368421,5442
LAMAR,-1.0,4418
LAMBO,-0.3,4610
LAMDUAN,-0.5977011494252874,46571
LANA,-0.40229885057471265,4694
LANDFATHER,-0.3333333333333333,4487
LANDFATHER,-0.3333333333333333,4377
LANDWU,-0.3333333333333333,11542
LASERELON,-1.0,4162
LC,-0.2564102564102564,5064
LEGION,-1.0,4676
LEGIT,-0.5,4208
LEGOAT,0.2,4481
LEGOCAT,-0.6666666666666666,4459
LEGOMOO,-0.30952380952380953,4636
LEMMY,-0.35714285714285715,5535
LENNY,-0.34759358288770054,37619
LENNi,-0.3469387755102041,17948
LETI,-0.33192389006342493,4830
LGBT,-0.48936170212765956,4782
LGBT,-0.48936170212765956,7419
LGBTQ,-0.6666666666666666,4375
LIBTARDS,-1.0,4699
LIDEN,-1.0,4302
LILY,-0.42168674698795183,6812
LILY,-0.42168674698795183,5116
LILY,-0.42168674698795183,4739
LILYAI,-0.043478260869565216,13841
LIMI,0.5,4542
LINK,1.0,5806
LIQANSEM,-1.0,4830
LISHAN,-1.0,4049
LIZ,-0.2727272727272727,4395
LIZZERD,-0.2727272727272727,4699
LLAMA,-0.8181818181818182,14694
LLG,-0.5,4172
LMAGA,-0.6,4157
LMAO,-0.22077922077922077,11038
LMAO,-0.22077922077922077,5511
LMAO,-0.22077922077922077,5405
LOA,-0.12280701754385964,4402
LOCKIN,-0.45454545454545453,4456
LOHAN,-0.8888888888888888,5516
LOHAN,-0.8888888888888888,7545
LONGBAO,1.0,5279
LOOK,-0.2796208530805687,3072770
LOOM,-0.6,7836
LOOPY,1.0,4322
LORD,-0.2857142857142857,4665
LOUBO,0.3333333333333333,4260
LOUDON,-0.6363636363636364,4836
LOUI,-0.2914285714285714,5061
LQC,-0.2692307692307692,1505813
LTP,-0.4,4652
LUCE,-1.0,16726
LUCE,-1.0,13110
LUCI,-0.625,4788
LUCI,-0.625,4401
LUCIFER,-0.3333333333333333,7548
LUCY,-0.03225806451612903,4807
LUCY,-0.03225806451612903,4897
LUKI,-0.5,4510
LULU,-0.4634146341463415,4403
LUMI,-0.06976744186046512,4896
LUNA,-0.75,7391
LUNI,-0.2413793103448276,5449
LUPO,-0.7391304347826086,9079
LVLY,-0.375,4234
LYNX,-0.5,4543
LYNX,-0.5,5660
LYNX,-0.5,5631
Laika,1.0,4258
Lalu,-0.2857142857142857,5162
LamboCat,0.0,4107
Lanawolf,-1.0,4322
Laszlo,-0.2214765100671141,7054
Laszlo,-0.2214765100671141,9850
LaughDog,-0.22394678492239467,9288
Lenka,-0.53125,6872
Life,-0.36923076923076925,6642
Lily,-0.0967741935483871,5005
Lionel,-0.6,5792
Lotusina,-0.2,4413
Love,-0.29411764705882354,4061
Love,-0.29411764705882354,4409
Lucefer,-1.0,85425
Lulu,-0.7142857142857143,23549
Luna,-1.0,3995
Luna,-1.0,5417
Luv,-0.10404624277456648,39818
MABA,0.0,10797
MABA,0.0,4301
MACD,-0.4,8550
MACIE,-0.4,4687
MAD,-0.6666666666666666,4106
MADPUSSY,-1.0,4471
MAFA,0.0,4587
MAGA,-0.3935018050541516,11902
MAGA,-0.3935018050541516,4341
MAGA,-0.3935018050541516,79426
MAGA,-0.3935018050541516,4121
MAGA,-0.3935018050541516,5381
MAGA,-0.3935018050541516,4324
MAGAA,-1.0,4092
MAGATRON,-0.4666666666666667,4325
MAGATRUCK,-0.8,6690
MAGAZINGA,-0.26732673267326734,5321
MAJOR,0.16666666666666666,4975
MAKO,-0.2857142857142857,4919
MALLY,-0.3333333333333333,4326
MALONE,-1.0,5853
MAMIPEPE,-0.11926605504587157,4252
MANDOG,-0.6,4516
MANNY,-0.5578947368421052,4517
MAO,-0.36787564766839376,9711
MAO,-0.36787564766839376,4388
MAPE,-0.6666666666666666,4653
MARIA,1.0,4970
MARK,-0.42857142857142855,4449
MARK,-0.42857142857142855,23029
MARLEY,0.0,4496
MARTIN,0.14285714285714285,13600
MASA,-0.2808988764044944,6810
MASKED,-0.40350877192982454,4432
MASOA,-0.3333333333333333,4750
MATILDA,1.0,4530
MATRIX,-0.27702702702702703,4832
MATRIX,-0.27702702702702703,4557
MATRIX,-0.27702702702702703,29784
MATT,0.0,4227
MAURY,-0.2727272727272727,4219
MAWA,-0.3333333333333333,14426
MAWIN,0.0,117336
MAX,-0.4025974025974026,4364
MAXI,-0.27586206896551724,5105
MAXWELL,-0.14285714285714285,276155
MAZA,-0.4881889763779528,6097
MAZE,-1.0,5290
MC,-0.36585365853658536,4429
MC,-0.36585365853658536,9099
MCBLK,-0.3333333333333333,4549
MCC,-0.02074688796680498,4207
MCJAK,-1.0,6058
MCTRUMP,1.0,4490
MD,-0.45454545454545453,4172
MD,-0.45454545454545453,5325
MDGA,-0.5555555555555556,4045
MDGA,-0.5555555555555556,4291
MDog,-0.4036697247706422,4862
ME,-0.5294117647058824,4539
ME,-0.5294117647058824,6158
MEAT,0.1111111111111111,4682
MEETO,-0.5443037974683544,4169
MEH,-0.3488372093023256,5587
MELL,-0.18181818181818182,4285
MELLOW,-0.5,4098
MEME,0.0,10608
MEMEORIAL,-0.30158730158730157,5268
MEMESAGE,-0.36231884057971014,6664
MEN,-0.3333333333333333,6244
MEODENG,-0.46987951807228917,7842
MEON,-0.2727272727272727,4609
MEOW,0.017543859649122806,5494
MEOWAI,-1.0,4711
MEOWS,-0.3333333333333333,4720
MEQ,-1.0,41571
MERK,0.0,9923
MESSIAH,-0.6,5042
METCH,-0.25333333333333335,7983
MF,-0.6666666666666666,4387
MF,-0.6666666666666666,5880
MFR,-0.041666666666666664,4603
MFW,-0.4216335540838852,9692
MGC,-0.27626459143968873,4688
MHGA,0.0,4237
MI,-0.3853211009174312,5640
MIAMI,-0.47368421052631576,5084
MIBABY,-0.41975308641975306,4401
MICHAEL,-0.14285714285714285,4497
MICHI,-0.18181818181818182,7058
MICHI,-0.18181818181818182,6025
MIDAS,-0.08661417322834646,7102
MIDGET,-0.7142857142857143,4696
MIGGLES,0.0,4243
MIGOS,-0.7142857142857143,4078
MIHARU,-0.3333333333333333,14663
MIHARU,-0.3333333333333333,4250
MIKO,-0.5862068965517241,4508
MILES,-0.39037433155080214,5412
MILF,0.09090909090909091,4130
MILF,0.09090909090909091,4823
MILK,-0.30855018587360594,5065
MILK,-0.30855018587360594,1372819
MILKI,-0.288135593220339,4554
MILKY,-0.48,6082
MILLY,-0.5,4275
MIM,-0.2857142857142857,4337
MIMI,-0.3333333333333333,4895
MIMI,-0.3333333333333333,4460
MIMI,-0.3333333333333333,17340
MIMI,-0.3333333333333333,35603
MIND,-0.5,4012
MINDBLOW,-0.14285714285714285,4251
MINI,0.0,37695
MINU,-0.10429447852760736,4772
MIO,-1.0,4327
MIRU,-0.40816326530612246,4647
MISSED,-1.0,4065
MIWA,-0.037037037037037035,4701
MIZUKI,-0.7777777777777778,5528
MJEW,-0.12903225806451613,4865
MKT,-0.3684210526315789,4398
MLK,0.06666666666666667,28405
MLKRS,-0.45454545454545453,4717
MMK,-0.21951219512195122,6131
MMNW,-0.27422680412371137,5671
MOC,-0.2,4384
MOCHA,-1.0,5274
MOCHI,-0.3142857142857143,4215
MOCHI,-0.3142857142857143,5557
MOCHI,-0.3142857142857143,4914
MODEL,0.06666666666666667,5329
MOE,-1.0,4436
MOG,-0.7142857142857143,4782
MOGA CTO,0.0,4993
MOJO,0.0,6617
MOKA,-0.10344827586206896,6843
MOKA,-0.10344827586206896,4488
MOM,0.0,6538
MOMM,-0.1891891891891892,4953
MOMMYGOAT,-0.31210191082802546,5478
MOMMYV2,-1.0,4133
MOMO,-0.4911242603550296,5478
MOMO,-0.4911242603550296,4108
MOMO,-0.4911242603550296,4991
MONKE,-1.0,4370
MONKEYS,0.0,6091
MONKEYS,0.0,5356
MONKYP,-0.3488372093023256,4822
MONSTAH,-0.4117647058823529,5391
MOO ZILLA,-0.3333333333333333,4420
MOOD,-1.0,6559
MOODUCK,1.0,5051
MOON,-0.3333333333333333,6703
MOON,-0.3333333333333333,4158
MOONA,-0.31313131313131315,4064
MOONDENG,-1.0,12644
MOONKY,0.5,18194
MOONPIE,-1.0,8397
MOOSE,-1.0,4178
MOOTOON,-0.6054421768707483,24059
MOOWAAN,-0.627906976744186,12124
MOPE,0.0,4219
MORTY,-0.3684210526315789,4946
MOSHI,-0.7619047619047619,405079
MOSSAD,-1.0,8496
MOTHER,0.1111111111111111,4601
MOTHER,0.1111111111111111,4016
MOTO,-0.2857142857142857,6733
MOTY,-0.41284403669724773,4288
MOU,0.1111111111111111,9874
MOW,-0.5319148936170213,9971
MP,-0.08333333333333333,4604
MPAT,-0.125,9273
MPUPPY,-0.20610687022900764,4664
MRAW,-1.0,4353
MRD,-0.07692307692307693,4138
MSGA,-0.6,11029
MSIgnite,1.0,4483
MSS,0.0,14860
MT,-1.0,4215
MTGA,-0.5,9491
MTGA,-0.5,4301
MTGOX,-0.6666666666666666,4326
MTJEW,-0.43529411764705883,5042
MTL,-0.25925925925925924,6514
MUCHAD,-0.17647058823529413,6205
MUD,0.0,4349
MUFFIN,-0.109375,4232
MUGA,-0.18725099601593626,4796
MUGI,-0.39267015706806285,4804
MUH,-0.5588235294117647,4712
MURCAT,1.0,4507
MURVEL,-0.6,4655
MUVA,-0.7142857142857143,4336
MVP,-0.3333333333333333,4082
MWONKE,-1.0,4876
MWOODENG,-0.07317073170731707,4970
MYBUSH,-0.5555555555555556,4258
MYRA,-0.5,4532
MYRA,-0.5,4204
MYST,-0.3382352941176471,5112
MYTH,-1.0,4581
Mad,-0.8333333333333334,14064
Magick,-0.2876712328767123,5273
Magnet,0.05263157894736842,5533
Magnifest,-0.02247191011235955,4553
Maltese,-1.0,20627
Man,-0.2077028885832187,4423
ManBearPig,-0.6756756756756757,4324
MariAI,-0.4166666666666667,4718
Mario,0.0,4575
Mario,0.0,4236
Maru,-0.7391304347826086,5901
Marv,-1.0,4834
Marvin,-0.5652173913043478,148656
Maurice,-0.42857142857142855,5036
Max,-1.0,4345
Maymo,-0.6,4619
McDREAMY,-0.2,4898
McDog,-0.6153846153846154,4664
McHat,0.14285714285714285,5220
Meaty,0.5,6909
Meche,0.0,5326
MemesAI,-0.5625,59011290
Mentor,-0.4375,8228
Meow,-0.5247524752475248,6199
Meow,-0.5247524752475248,5302
Mew,-0.23333333333333334,4298
Mewoo,-0.20610687022900764,5173
Mia,-0.6,6847
MicroPenis,-0.5138121546961326,4314
Mill,-0.48917748917748916,6779
Milo,-0.38461538461538464,5329
Minu,0.09090909090909091,4916
Miro,0.396,6153
Missing,-0.4247787610619469,4326
Mitski,-1.0,6536
Miyako,-0.5555555555555556,4943
Mommy,-0.5454545454545454,14459
MommyAI,-1.0,4522
Monkey Pox,1.0,4153
Monkeytit,-0.42857142857142855,4354
Moon,-0.4444444444444444,27123
Moonbix,-0.9459459459459459,5021
Moony,-0.5555555555555556,4147
Motion,-0.52,4958
Moxy,-0.3333333333333333,4651
Mr Blobby,-0.4,4116
MrV,-0.6842105263157895,14283
MsDeng,-0.14285714285714285,4409
MumbAI,0.5,4814
Médor,-0.35,4144
Māo,-0.6,5063
NAKO,-0.010101010101010102,4155
NALA,-0.4,6689
NAMHOM,-0.13333333333333333,4536
NAMHOM,-0.13333333333333333,4458
NANA,-0.1111111111111111,4396
NANA,-0.1111111111111111,4110
NANA,-0.1111111111111111,4577
NAPPY,-0.4146341463414634,5496
NARRATIVE,0.08695652173913043,10073
NARRATIVE,0.08695652173913043,4557
NARUTO,-0.5,6926
NATASHA,-0.2,12982
NCAT,-0.6774193548387096,4543
NCHAD,-0.5,11823
NEAR,0.0,7178
NEBULA,-0.34182590233545646,11851
NECK,-0.23809523809523808,10345
NEIGRO,-1.0,6240
NEIRILIO,-0.3559322033898305,4926
NEIRO,-0.42857142857142855,4070
NEIRO,-0.42857142857142855,4277
NEIRO,-0.42857142857142855,4276
NEIROUSA,-0.3333333333333333,5002
NEIRU,-0.2727272727272727,16783
NEKO,-0.3333333333333333,4434
NEKO,-0.3333333333333333,5219
NENNER,-1.0,4078
NEO,-1.0,4331
NEONVEINS,0.0,5437
NEPE,-0.3559322033898305,4580
NES,-0.3333333333333333,4401
NEW,-0.48314606741573035,5351
NEWDOGE,-0.3333333333333333,5745
NEWTON,-0.7647058823529411,5226
NFB3000,-1.0,4396
NFK,-0.4688995215311005,4643
NFT,-0.2,5872
NGL,-0.2857142857142857,8899
NGMI,-0.75,4582
NICK,-0.3263157894736842,4792
NICKY,-0.38461538461538464,5174
NIGFARTIO,0.0,4319
NIGGA,-0.41304347826086957,6568
NIGGA,-0.41304347826086957,4089
NIGGA,-0.41304347826086957,1267666
NIGGA,-0.41304347826086957,8372
NIGGA,-0.41304347826086957,4900
NIGGER,1.0,4187
NIGGTARDIO,-0.2,10525
NIKA,-0.25925925925925924,8129
NIKI,0.0,6306
NITRO,-0.5172413793103449,4462
NITRO,-0.5172413793103449,5594
NMAO,-0.5,4072
NN,-1.0,4310
NOCTA,0.14285714285714285,5123
NODIDDY,-0.014577259475218658,4448
NOHOMO,-0.3548387096774194,5022
NOODLES,0.3333333333333333,4675
NOOS,-0.45454545454545453,12314
NORA,-1.0,5109
NORM,-1.0,4771
NOTOP,-0.3333333333333333,5250
NOUS,-1.0,6275
NPC,-0.38461538461538464,4412
NPC,-0.38461538461538464,5548
NSYNC,-0.24444444444444444,5256
NUDE,-0.2727272727272727,4817
NUDE,-0.2727272727272727,4305
NVIDIA,-0.7142857142857143,5163
NVIDIA,-0.7142857142857143,10925
NWIF,-0.45664739884393063,5397
NYA,-1.0,4588
Nate,-0.2,6905
NeedADub,-1.0,5329
Neiro,-0.35294117647058826,7976
Neiro,-0.35294117647058826,4557
Neiru,-0.75,6597
NexFundAI,1.0,5422
Nigtardio,-0.3884297520661157,11848
No,-0.37662337662337664,5185
No,-0.37662337662337664,29491
NoTop,-0.75,5941
Numochan,-0.7142857142857143,5941
NvN,-0.5,6550
OBI,0.0149812734082397,7174
OBLOCK,-1.0,4094
OC,-0.13043478260869565,4336
OCL,-0.35802469135802467,5528
OCTOCAT,-0.14285714285714285,12262
ODOHOM,-0.7142857142857143,4161
ODWH,-0.05489260143198091,33912
OEPEPE,-0.5,4167
OGBTCDOG,-0.27494908350305497,4394
OGLN3000,0.0,4653
OGO,-0.1378299120234604,4377
OGUN,0.5,4204
OHDUCK,-0.2903225806451613,86715
OHIO,-0.5555555555555556,4329
OIIAOIIA,-0.08333333333333333,2231456
OJI,-1.0,4581
OKAY,-0.5,4112
OLMPKS,-0.2,4434
OLPEPE,-0.75,8332
OMBRA,-0.1640625,5317
ONE,-0.11945392491467577,15666
ONI,-1.0,5067
ONIGIRI,-0.6190476190476191,4946
ONYX,-0.45098039215686275,7200
OP,-0.4,18295
OP,-0.4,4459
OPEPE,-1.0,4353
OPHREA,0.0,4266
OPM,-0.6666666666666666,5073
ORANGE,-0.3333333333333333,5689
ORB,-0.26174496644295303,4602
OSCAR,0.5,7725
OSGT,-1.0,4364
OTO,-1.0,4263
OUH,-0.2,4308
OUUU,-0.6436781609195402,50063
OVER,-0.6363636363636364,4280
ObamaMAMA,-0.2876712328767123,7141
Octopus,1.0,4126
Odin,-1.0,4335
Ollama,-1.0,4638
OneirOS,-0.6129032258064516,29686
Oneirocom,-0.5,24967
Orb,-0.48148148148148145,8118
Oyen,-0.05263157894736842,6723
PAC,-0.26153846153846155,16162
PAC,-0.26153846153846155,4332
PAC,-0.26153846153846155,24902
PACHAT,0.0,17561
PACMAN,-0.2631578947368421,4687
PACO,0.6,4066
PADMAE,-0.45,26836
PAEPR,-0.2,4713
PARA,0.0,4639
PARK,-0.17647058823529413,5353
PARKSAI,-0.2727272727272727,13016
PASTE DOGE,-0.5686274509803921,6140
PAT,-0.4,6966
PAT,-0.4,4291
PAT,-0.4,4320
PAUL,-0.41040462427745666,7520
PAULYSHORE,-0.4,4150
PAWS,-0.12,5067
PBENZ,-0.5833333333333334,7843
PC,-1.0,8668
PDOG,-0.4,4488
PEAK,-0.03225806451612903,11900
PEAKY,-1.0,4844
PEAN,-0.3026634382566586,4353
PEANUT,-0.45,13040
PEARL,-0.6666666666666666,4806
PEBBLES,0.0,4331
PEDO,-0.3333333333333333,4802
PEEP,-0.5575221238938053,8032
PEEP,-0.5575221238938053,4367
PEN,-0.459915611814346,6099
PENGCAT,-0.30275229357798167,4550
PENGIE,-0.37037037037037035,4240
PENK,-0.3333333333333333,5735
PENKSY,-0.5,38918
PENNY,-0.52,4282
PENPE,-0.15294117647058825,4426
PEPE,-0.28746928746928746,4290
PEPE,-0.28746928746928746,4681
PEPE,-0.28746928746928746,4443
PEPE,-0.28746928746928746,5029
PEPE,-0.28746928746928746,4475
PEPE,-0.28746928746928746,4164
PEPE,-0.28746928746928746,13358
PEPE,-0.28746928746928746,20378
PEPE,-0.28746928746928746,4751
PEPE2,-0.3333333333333333,4367
PEPEBABY,-0.6,4124
PEPECOLA,0.0,5274
PEPEHAWK,-0.32222222222222224,4878
PEPEMON,-0.5675675675675675,7708
PEPEPUNK,-1.0,6316
PEPERONI,-0.3793103448275862,5014
PEPESUMMER,-0.5151515151515151,5610
PEPETER,-0.3472222222222222,4611
PEPEペペ,-0.2,4540
PEPHOENIX,0.5555555555555556,5879
PEPITO,-0.45454545454545453,5296
PEPLI,-0.25,6445
PERKY,-0.14285714285714285,4476
PESK,0.5,4085
PESTO,-0.6666666666666666,4313461
PETARDIO,0.0,8506
PETE,-0.6571428571428571,5416
PETE,-0.6571428571428571,6101
PEW,-0.8260869565217391,4210
PEW,-0.8260869565217391,35282
PFI,-0.125,7175
PFP,-1.0,4331
PFPAI,1.0,5067
PFUN,-0.23636363636363636,4430
PFUN,-0.23636363636363636,5249
PHATT,-0.1111111111111111,4383
PICKLE,-0.45098039215686275,4227
PICKLE,-0.45098039215686275,5834
PIF,-0.3076923076923077,7827
PIGI,-0.2994350282485876,4387
PILADY,-0.75,5414
PILL,-0.6666666666666666,6402
PIMPIN,-0.7121212121212122,4446
PINJU,-1.0,5071
PINKE,-0.3333333333333333,4608
PINKY,-0.2,5083
PIPI,-0.49206349206349204,9913
PIPI,-0.49206349206349204,29995
PIXEL,-0.05813953488372093,10494
PIZZA,1.0,4104
PLANE,-0.43478260869565216,6447
PLATY,-0.4520547945205479,5343
PLAYBOY,-0.36666666666666664,7096
PLNY,-1.0,6217
PLOFT,-1.0,5928
PLR,0.0,12473
PLUG,-0.5636363636363636,5393
POC,-0.4782608695652174,4260
POG,-0.4330708661417323,4695
POGGERS,-0.42857142857142855,4335
POGI,-0.06382978723404255,4515
POKE,-0.38461538461538464,4158
POKEMON,-0.6842105263157895,39594
POKER,-0.2,4912
POKI,-0.5652173913043478,4677
POLI,-0.41935483870967744,6235
POLLY,-0.35294117647058826,5228
POME,0.0684931506849315,5296
POMPOM,-0.1037037037037037,10528
PONKE,-1.0,4484
PONKEI,-0.28,64050
PONZI,-0.42857142857142855,5049
PONZI,-0.42857142857142855,157741
POOKIE,-0.5,4144
POOKIE,-0.5,4995
POOR,-0.3333333333333333,4112
POP,-0.46153846153846156,4751
POP,-0.46153846153846156,6249
POPBUTT,-0.356353591160221,4533
POPCORN,-0.3333333333333333,5296
POPDENG,-0.2727272727272727,4926
POPDENG,-0.2727272727272727,5225
POPDENG,-0.2727272727272727,4503
POPE,0.043478260869565216,11497
POPE,0.043478260869565216,4222
POPHARU,-1.0,4816
POPHIPPO,-1.0,7830
POPKITTY,-0.14814814814814814,4536
POPLLY,1.0,4142
POPLLY,1.0,4228
POPTRUMP,-0.23448275862068965,6981
PORCH,-0.4074074074074074,9230
PORTY,-0.4117647058823529,4495
POS,-1.0,4544
POT,-0.23076923076923078,21781
POV,-0.23809523809523808,4244
POV,-0.23809523809523808,5100
POXKE,-0.13665943600867678,6097
POXLOCK,-0.25,4397
PP,-0.8333333333333334,4272
PPP,-0.625,7042
PPP,-0.625,6982
PRAISE,-0.2982456140350877,6641
PRESIDENT,-0.8181818181818182,5093
PRESIDENT,-0.8181818181818182,11734
PREZKAI,-0.45454545454545453,4752
PRIDE,-0.4,4748
PRIDEN,0.01098901098901099,4541
PRIDEPEPE,0.07692307692307693,4155
PROFIT,-0.1875,5278
PTSD,-1.0,12177
PUCCA,-1.0,4244
PUCCI,-1.0,5074
PUDDY,0.058823529411764705,9206
PUFFY,0.2,4793
PULICI,1.0,6744
PUMBA,-0.45454545454545453,98940
PUMPFORCE,-0.2,4531
PUMPSHIE,-0.1737891737891738,26474
PUNGU,-1.0,4617
PUNKS,-0.5555555555555556,4512
PUNY,-0.39823008849557523,4771
PURPLE,1.0,4862
PURR,-0.17333333333333334,4972
PURRR,0.6,5048
PUSS,-0.3013698630136986,4435
PUSSY,-0.19298245614035087,4564
PUSSY,-0.19298245614035087,64119
PVE,-0.5379061371841155,98225
PVP,-0.3333333333333333,9421
PVP,-0.3333333333333333,4413
PWANG,0.0,4411
PWIF,-0.42857142857142855,5290
PWR,-0.5147058823529411,4668
PaST,0.019230769230769232,6257
Pacman,-0.2,8064
Paimon,-0.14285714285714285,4387
Pan,-0.05263157894736842,14323
Pangjim,-0.39896373056994816,26283
Paradox,-0.5789473684210527,14280
Pauly0x,-0.36,6095
Pause,-0.5,22559
Peaki,-0.5172413793103449,6731
Peanut,-0.3253012048192771,20048
Peepee,-0.5789473684210527,4117
Pekora,0.5,5103
Pengu,-0.5384615384615384,8604
Pengu,-0.5384615384615384,4373
PepagySan,-0.3333333333333333,371402
Pepetse,-0.6,4132
PeterTodd,-0.3935483870967742,23492
PeyPey,-0.2727272727272727,4156
Pick,-0.36363636363636365,7915
Pinball,-0.28,4295
Pisgah,-0.31746031746031744,5813
Platter,-0.3235294117647059,22261
Pnut,-0.422,1289408400
Pochita,0.037037037037037035,5453
PokaPoka,0.0,4296
PongPang,-0.24770642201834864,23235
Ponk,-0.5714285714285714,5892
Ponkay,-1.0,5109
Popgirl,-0.33612273361227335,4898
Prince,-0.5714285714285714,4408
Project89,-0.3333333333333333,8902
Prosperity,-0.25,4674
PsychSol,-0.14285714285714285,7266
Puff,-0.5555555555555556,5209
Pumba,-0.5697940503432495,5105
Pump,-1.0,4497
PumpRep,-0.1320754716981132,159139
Punks,1.0,4354
Purrari,-0.22580645161290322,5379
Q4,-0.5471698113207547,21872
QRDOG,-0.6103896103896104,5666
QTip,-0.125,4324
QUANTA,1.0,4172
QUEEN,-0.35384615384615387,4201
QUEEN,-0.35384615384615387,4087
QUEPRO,0.4,4843
QUESO,-1.0,4304
RAB,-0.5534441805225653,4167
RAD,-0.5,4784
RADAR,0.3333333333333333,5663
RAGING,0.0,5985
RAICAT,-1.0,5103
RAIN,-0.3333333333333333,4510
RALINK,-1.0,6048
RALLY,-0.2972972972972973,5752
RAPPY,1.0,4021
RAPTOR,-0.6097560975609756,116947
RARI,-0.5135135135135135,4924
RAT,-0.5084745762711864,5777
RATMAN,-0.4153846153846154,5333
RBA,-0.7142857142857143,4379
RCAT,-1.0,4106
RCT,-0.26666666666666666,4818
RCat,-0.2328767123287671,5597
RDADDY,-0.4416058394160584,4925
RDAI,-0.23076923076923078,4012
RED,-0.2,9416
REKT,-0.3394495412844037,4533
REKT,-0.3394495412844037,22511
RENMIN,-0.2,112772
REPENT,-0.08196721311475409,4529
REPTO,-0.3333333333333333,4274
RERE,-0.6,10824
RESTARDED,-0.7304347826086957,4798
RETARDIO,-0.3333333333333333,4664
RETODD,-0.15789473684210525,6636
RETURN,-0.7142857142857143,8471
REXIE,-0.3333333333333333,16398
RHCP,-0.28,6368
RICE,-0.4,5226
RICHIE,-0.25,5622
RIGGED,-0.4732824427480916,26557
RIKO,-0.23076923076923078,4177
RIP,-1.0,4247
RIPBTC,-0.0891089108910891,4765
RIPETH,-0.6046511627906976,109522
RIPRAMBE,-0.2,4434
RIPTRUMP,-0.5,9204
RIZZ,-0.6617647058823529,4364
RIZZ,-0.6617647058823529,17729
RIZZO,-0.7627118644067796,8852
RNA,-0.8,6007
RNA,-0.8,4446
RNE,-0.14285714285714285,7191
RNE,-0.14285714285714285,4156
RNI,0.0425531914893617,4267
RNP,-0.6206896551724138,4280
RNT,-0.42857142857142855,4789
RNT,-0.42857142857142855,4282
RNT,-0.42857142857142855,6552
ROARTATE,-0.40816326530612246,4495
ROB,-0.3333333333333333,4853
ROBOPEPE,-0.4358974358974359,4126
ROCK,-0.21212121212121213,47790
ROCK,-0.21212121212121213,4516
ROCK,-0.21212121212121213,4227
ROI,-1.0,6700
ROLEX,-0.6363636363636364,4665
RONNIE,-0.21212121212121213,4956
ROODENG,-1.0,13426
ROOM,0.07142857142857142,6662
ROVER,-0.3442622950819672,4599
ROVER,-0.3442622950819672,4481
RRR,0.0,4794
RST,-0.40625,5789
RT,1.0,5610
RTR,-0.1111111111111111,4436
RUBETON,-0.37777777777777777,4969
RUBY,-0.4782608695652174,5748
RUFFLES,-0.16666666666666666,5327
RUFUS,-0.8793103448275862,4224
RUGCHECK,-0.3333333333333333,4691
RUNNER,-0.6,8135
RUT,-1.0,6836
RWR,-0.3333333333333333,6176
RaccoonAI,-0.45454545454545453,7438
Racism,1.0,4509
Raj,-0.8888888888888888,7083
Real,-0.2,5360
Reborn,-0.36,4316
Red40,-0.1590909090909091,20023
Redd,-0.2,4803
Relax,-0.08708708708708708,4768
Remus,-0.5945945945945946,12801
Repe,-0.2413793103448276,4852
Repligate,-0.3333333333333333,4850
Retardium,-0.4339622641509434,5539
Rex,-0.2893553223388306,71429
Rex,-0.2893553223388306,4637
Rigidicons,-1.0,4610
Rizz,-0.2727272727272727,5589
Rizzcat,0.2,9031
RobDog,-0.4090909090909091,5279
Rock,-0.3333333333333333,4114
Rodney,-0.13636363636363635,4140
Roost,-0.7777777777777778,10247
Rose,-0.1111111111111111,4326
Rute,-0.23642732049036777,5241
S,-1.0,4412
SA,-1.0,4476
SABRINA,-0.75,5035
SACK,-1.0,4131
SAFARI,-0.3076923076923077,4364
SAFEMOON,-0.6326530612244898,7856
SAFEMOON,-0.6326530612244898,4344
SAFU,-0.6,5007
SAGE,-0.45,4368
SAGE,-0.45,4424
SAGE,-0.45,4534
SAGE,-0.45,4114
SAGE,-0.45,4036
SAGE,-0.45,4309
SAHIL,-0.2,5152
SAM,-0.373134328358209,4217
SAMU,-0.5486381322957199,4741
SANOPUS,-0.75,15815
SANTINO,0.0,4629
SAPY,0.0,8605
SATOSHI,-0.5537190082644629,6280
SATS,-0.3559322033898305,4344
SAUL,-0.5,5288
SAVE,0.3333333333333333,4308
SB,-0.5,4313
SBC,-0.5652173913043478,4559
SBCLTR,-0.6326530612244898,32973
SBS,-0.11764705882352941,5310
SCALEY,-1.0,4193
SCAM,-0.5875486381322957,12670
SCAM,-0.5875486381322957,6057
SCAT,-0.19480519480519481,4703
SCC,-0.6666666666666666,4995
SCISSORY,-0.6129032258064516,7456
SCOOP,-0.6,18749
SCOOT,-0.5223880597014925,27967
SCOUT,0.3333333333333333,4871
SCOWIF,-0.42857142857142855,4195
SCREAM,-0.216,8512
SCREAM,-0.216,5522
SCUBY,-0.2978723404255319,6928
SCat,-0.5161290322580645,7141
SD,-0.6049382716049383,6320
SDG,-0.20512820512820512,4435
SDINO,-1.0,6301
SDRX,-1.0,26125
SEAN,-0.5,6052
SEC,-0.5,5462
SEED,-0.5384615384615384,46415
SEIONI,-1.0,4173
SEND,-0.35135135135135137,5346
SENDER,-0.1794871794871795,4344
SENDORS,-0.5510204081632653,4311
SENDY,-0.047619047619047616,17621
SFI,-1.0,5757
SFR,-0.47297297297297297,4703
SGM,-0.5,28789
SHADY,-0.4057971014492754,8876
SHAP,-0.625,5517
SHARKAI,-0.4634146341463415,7775
SHAWOOP,0.3333333333333333,4810
SHC,0.0,4944
SHEEP,0.25,4575
SHH,-0.5510204081632653,4793
SHIB,-0.44,10193
SHIBA,0.0,4508
SHIBU,0.25,28274
SHILLY,-0.25925925925925924,4340
SHOES,-1.0,4901
SHOOTER,1.0,4167
SHOPPY,-0.35251798561151076,4293
SHORE,-0.4444444444444444,4736
SHOT,-1.0,4057
SHRIGMA,0.3333333333333333,4848
SHSH,-0.8,19358
SHYCAT,-0.22580645161290322,27400
SICK,1.0,4403
SIF,1.0,4375
SILENCE,-0.17647058823529413,191759
SIM,-0.8181818181818182,4949
SIMP,-0.14285714285714285,8518
SIMS,-0.2594059405940594,36909
SIMULACRA,-0.3333333333333333,5468
SIN,-0.35,4862
SINK,-0.7333333333333333,5686
SITA,-0.23809523809523808,7916
SIgnal,-0.3333333333333333,6656
SKIBIDI,-0.7692307692307693,5415
SKIBOI,0.0,4487
SKITDOG,-1.0,5635
SKULL,-0.38461538461538464,4204
SKULL,-0.38461538461538464,8042
SKULL,-0.38461538461538464,5290
SKUPE,-1.0,5428
SKYDIVE,-1.0,4486
SKYNET,-0.18309859154929578,50204
SKYNET,-0.18309859154929578,4681
SKYPEPE,-0.3333333333333333,4106
SLAP,-0.4666666666666667,64478
SLOG,-0.6,5458
SLOPPY,-1.0,4150
SLOWCOOK,-0.4482758620689655,11249
SLOWDEN,-1.0,4482
SLUG,-0.16666666666666666,4178
SLUT,-0.8333333333333334,4904
SLUT,-0.8333333333333334,4350
SLUT,-0.8333333333333334,5129
SLUT,-0.8333333333333334,4038
SLZU,0.16666666666666666,4635
SMILEY,-0.25925925925925924,4603
SMOKE,-0.375,4939
SMOLEST,-1.0,6516
SMS,-0.3333333333333333,4248
SMULLY,-0.14754098360655737,4359
SMURPE,-0.2564102564102564,5143
SNAKE,-0.6,378721
SNEIRO,0.0,4924
SNICKERS,-0.6333333333333333,4361
SNIF,-0.3333333333333333,4002
SNIPE,-1.0,6604
SNORING,-0.8,4913
SNORP,-1.0,4376
SNOWIE,0.15789473684210525,5939
SNOWY,-0.52,4259
SNUGLLE,0.0,4023
SOAR,-0.3333333333333333,4488
SOD,-0.4583333333333333,4423
SOL,-0.4339622641509434,8276
SOL,-0.4339622641509434,4638
SOL,-0.4339622641509434,5032
SOL,-0.4339622641509434,5044
SOLA,-0.1111111111111111,4455
SOLDOG,-0.8823529411764706,5602
SOLINU,-1.0,4948
SOLM,-0.6,15569
SOLMAX,-0.1111111111111111,5011
SOLO,-0.5555555555555556,8144
SOLO,-0.5555555555555556,5522
SOLPEP,0.14285714285714285,6181
SOLSWARS,-0.198,4738
SOLT,-0.5,6647
SOLX,-0.3076923076923077,5061
SOLx AR,0.0,4170
SON,-0.46875,22000
SON,-0.46875,5325
SOPHIA,-0.8571428571428571,4593
SORA,-0.2413793103448276,55386
SOT,-0.7846153846153846,15173
SOUP,0.2708333333333333,8225
SOWIE,-0.3541666666666667,6471
SP500,-0.3787878787878788,8083
SPB,-0.3700787401574803,4758
SPEPE,-0.5384615384615384,5189
SPICE,-1.0,23876
SPIKE,-0.41379310344827586,6955
SPIKE,-0.41379310344827586,12910
SPINNA,-0.3333333333333333,11219
SPLINTER,-0.4642857142857143,5326
SPLIT,-0.3333333333333333,4949
SPOOKYKAT,-0.2222222222222222,5125
SPOON,-0.6,6447
SPX,-0.2,6312
SPX6900,-1.0,60560
SPY,-0.44,34005
SQUAD,-0.75,4183
SQUAD,-0.75,21488
SQUIRTBORN,-0.7575757575757576,5599
SS,-0.2,4969
SSR,-0.6666666666666666,4489
STACKS,-0.4825174825174825,5539
STACY,-0.2962962962962963,267023
STANDY,-0.12280701754385964,4296
STAR,-0.75,4949
STARDOG,-0.6190476190476191,21374
STEPDAD,-0.7894736842105263,7501
STEPSIS,0.16666666666666666,6723
STEVE,-0.07692307692307693,4597
STFU,-0.34497816593886466,5434
STONE,-0.5953757225433526,4212
STONE,-0.5953757225433526,4418
STONKS,-0.18518518518518517,4481
STORCH,-0.42857142857142855,5316
STOX,-0.75,4202
STRAIGHT,-0.6666666666666666,6189
STRANGER,0.3333333333333333,4271
STRAWG,-0.07623318385650224,4195
STRB,0.42857142857142855,68783
STROKE,-1.0,5340
STUDY,-0.3333333333333333,4505
SUDO,-0.5238095238095238,5880
SUGARDADDY,-0.09090909090909091,6520
SUGGON,-0.3548387096774194,12515
SUGMA,-0.4924731182795699,7803
SUKI,-0.5757575757575758,4445
SUL,-1.0,4112
SUN,-0.20833333333333334,4860
SUP,1.0,4461
SUPER,0.14285714285714285,6257
SUPERCAT,-1.0,9597
SUPERCRYPT,-0.2,4463
SUPERSTONK,-1.0,148548
SURY,-0.07017543859649122,4305
SUS,-0.6521739130434783,4574
SUS,-0.6521739130434783,16708
SUSHI,-0.373134328358209,9286
SUTO,-0.2750809061488673,4319
SVD,-0.3939393939393939,4880
SWATER,-0.21739130434782608,6910
SXBEDDIS,0.3333333333333333,4858
SYDNEY,-0.6,4524
Saget,-0.3548387096774194,5089
Sam,-0.7391304347826086,4184
Samara,-0.42857142857142855,7553
Samy,0.25,7119
Sanju,1.0,4899
Santino,-0.2571428571428571,476470
Saveme,-0.2,4642
Scruffo,-1.0,5585
SearchGPT,-0.8666666666666667,6897
See,-0.018633540372670808,4591
Shadow,0.0,4397
Shar,-1.0,5151
Sharpei,-0.16417910447761194,4730
Shelly,-0.8095238095238095,4702
Shibatomo,-0.2,4267
Shiro,-0.8,4316
SiSi,-0.5,4285
Signs,-0.14285714285714285,105185
Simone,-0.3333333333333333,4106
Simons Dog,0.2289156626506024,4107
Sins,-0.34782608695652173,4600
Siong,-0.6666666666666666,5058
SkibiPepe,0.0,4611
Skynet,-0.5384615384615384,8689
Sleek,-0.4482758620689655,4521
Slera,-0.5,4192
Slerf,0.0,8868
Slurp,-0.45454545454545453,7734
Snorppppp,-0.18840579710144928,4394
Snow,0.14285714285714285,4662
SolEyes,-0.5384615384615384,5371
Solami,-0.45454545454545453,5772
Some,-1.0,4697
Somnia,-1.0,4446
Sonnet,0.2,4985
Spiky,-0.25,4871
Sragon,-0.17647058823529413,4507
SteveJobs,-0.3333333333333333,4726
Stoic,-0.38028169014084506,6337
Storm,-0.6,5325
Strawberry,-0.47619047619047616,9789
Strawberry,-0.47619047619047616,5076
Stray,-0.08108108108108109,4627
Suma,-0.2987012987012987,4911
Sund,0.14285714285714285,6827
Supdog,-0.2914798206278027,4238
Super Cat,0.0,4210
Superman,-0.5897435897435898,4789
Syntheism,-0.1111111111111111,5782
T,-0.8888888888888888,4422
T,-0.8888888888888888,4295
T,-0.8888888888888888,5624
T,-0.8888888888888888,4214
TALISMAN,-0.3125,14932
TAN,-0.3333333333333333,5014
TANG,-0.1744186046511628,4200
TAO,0.3333333333333333,14476
TAOG,0.3333333333333333,5325
TAPIR,0.0,4273
TAPSOL,-1.0,6070
TART,-0.5555555555555556,4574
TART,-0.5555555555555556,4273
TASS,0.0,4292
TAT,-0.6,4390
TATE,-0.5314533622559653,4163
TATE,-0.5314533622559653,6971
TATE,-0.5314533622559653,5876
TATE,-0.5314533622559653,8860
TATE,-0.5314533622559653,6278
TATEAI,0.3333333333333333,4936
TATEANSEM,-0.6,4188
TATECTO,-0.5263157894736842,5649
TATEG,-1.0,4325
TATERS,-0.21428571428571427,4350
TATESONG,-0.5714285714285714,7278
TATO,0.029411764705882353,5139
TATO,0.029411764705882353,4179
TATO,0.029411764705882353,4317
TAW,-0.05263157894736842,6942
TAYLOR,-1.0,5164
TC,-0.38461538461538464,4644
TC,-0.38461538461538464,5137
TC47,-0.8181818181818182,4723
TCAP,1.0,4193
TCAT,0.6,4946
TCS,1.0,4378
TCT,-0.2876712328767123,4478
TDNA,-0.42857142857142855,4633
TECH,-0.2727272727272727,5829
TECH,-0.2727272727272727,8186
TEDDY,-0.38461538461538464,4658
TEDDY,-0.38461538461538464,4438
TEEF,-0.3333333333333333,8211
TEEHEE,-0.5151515151515151,4723
TEK,0.11864406779661017,66866
TELE,-0.7777777777777778,5261
TENEBRAE,-0.6666666666666666,8046
TERMINAL,-0.3333333333333333,5142
TERMINATOR,-0.6,8030
TERRAY,-0.12,4862
TERRIO,0.0,4203
TET,0.0,4755
TETRIS,-1.0,4924
TEXAS,-0.49019607843137253,20133
TGO,-0.5555555555555556,4678
THE,-0.15384615384615385,5195
THE BOSS,-0.5,4148
THIRD,0.0,4220
THOM,-0.29411764705882354,16238
TI83,-0.2936802973977695,4780
TIGRE,-0.09090909090909091,8570
TIKA,-0.5263157894736842,10488
TIKI,-0.373134328358209,4515
TILLY,0.05263157894736842,5746
TIM,-0.5714285714285714,7554
TIM,-0.5714285714285714,24188
TIM,-0.5714285714285714,4776
TIME,-0.2,4776
TINFO,0.0,92881
TISM,-0.09090909090909091,4605
TITAN,-0.3333333333333333,4493
TITAN,-0.3333333333333333,4087
TITO,0.1,6282
TITS,0.13043478260869565,4396
TMNT,0.0,4381
TOAD,-0.09803921568627451,5945
TOAI,-1.0,5821
TOBI,-0.15,25310
TODAMOON,-0.16666666666666666,4916
TOE,0.1111111111111111,4362
TOH,0.6,4570
TOKO,-0.3333333333333333,4266
TOLY,0.3333333333333333,6097
TOLYDOG,-0.5555555555555556,4353
TOM,0.5,5440
TOM,0.5,4313
TOM,0.5,5669
TOM,0.5,4103
TOMATO,-0.6666666666666666,4735
TOMMY,-0.34375,4537
TOMMY,-0.34375,38234
TONGTONG,-0.5,4706
TONY,-0.29411764705882354,5035
TOOM,-0.3333333333333333,4141
TOPCAR,0.1111111111111111,9705
TOPD,-0.323943661971831,5987
TOPGPARK,-0.6,4073
TOSHI,-0.3333333333333333,13715
TOSHIAI,0.42857142857142855,4513
TOSTI,-0.5889328063241107,4889
TOWELIE,0.0,4295
TP,-0.14285714285714285,7151
TPEPE,-0.3333333333333333,4920
TRAD,-0.14285714285714285,4560
TRANCEY,-0.20754716981132076,4296
TRANS,-0.4634146341463415,6429
TRAP,0.0,5051
TRENCH,-0.125,4937
TRIGGA,-0.8181818181818182,4190
TRILLION,-0.6615384615384615,4341
TRILLY,-0.12871287128712872,4626
TRIPPIE,-1.0,4353
TRISTAN,-1.0,4107
TRISTCRIES,-0.1111111111111111,5948
TRT,-0.3333333333333333,4139
TRUAI,-0.3548387096774194,5685
TRUCKCAT,-0.38028169014084506,4321
TRUMP,-0.2623456790123457,4238
TRUMP,-0.2623456790123457,5382
TRUMP,-0.2623456790123457,4075
TRUMP,-0.2623456790123457,4226
TRUMP,-0.2623456790123457,5131
TRUMP,-0.2623456790123457,7996
TRUMP,-0.2623456790123457,13406
TRUMPA,-0.25,4401
TRUMPACHU,-0.6666666666666666,13729
TRUMPBDAY,-0.4639175257731959,8925
TRUMPEUS,-0.45588235294117646,4515
TRUMPG,-0.3,4276
TRUMPONX,-0.5365853658536586,5174
TRUMP𝕏,-0.5,4914
TRUTH,-1.0,4270
TSK,-0.3333333333333333,13811
TSU,-1.0,7258
TSUJI,-0.3333333333333333,6281
TTP,-0.4581673306772908,4745
TTP,-0.4581673306772908,4515
TUAH,-0.4716981132075472,7427
TUCKERSOL,-0.05714285714285714,4831
TUNA,-0.5324675324675324,5804
TUNA,-0.5324675324675324,4660
TUP,-0.5,5290
TUSD,0.6,4078
TUZKI,-0.7777777777777778,22880
TWENCH,0.06666666666666667,23784
TWG,-0.17974683544303796,4505
TWIF,-1.0,5550
TWUMP,1.0,4042
TYCHE,-0.2,7142
Talisman,-0.3333333333333333,4301
Tarot,-0.34637964774951074,58886
Tate,-0.5181518151815182,5261
Tate,-0.5181518151815182,13478
Tater,-1.0,4628
Tchoupie,-0.4,6047
Teddy,-0.3333333333333333,4647
Tehya,0.05263157894736842,5737
Tenebro,-0.5833333333333334,12881
Tengi,-0.6666666666666666,4185
Tesla,-0.5,4360
Texas,-0.75,6884
Thebes,-0.7142857142857143,52193
Theory,-0.16666666666666666,5070
Thumpy,-0.5625,4121
TiBúrcio,-0.45454545454545453,4249
Time,-0.037037037037037035,4577
Tingly,-0.34782608695652173,4668
Tiptoe,-0.30303030303030304,4913
Tired,-0.6,6280
Toby,0.1111111111111111,430413
Toby,0.1111111111111111,4339
Tofu,-0.4520547945205479,4841
Togi,-1.0,4093
Toolsi,-0.19402985074626866,8616
TopGesus,1.0,4207
Triangle,-1.0,4293
Trimmy,-0.16279069767441862,4917
Trump,1.0,6239
TrumpBin,-0.3037974683544304,5121
Trumpy,-0.043478260869565216,4348
Truth,-1.0,4732
Tudd,-0.5873015873015873,6748
UAE,-0.45454545454545453,52849
UCDM,-0.4,4367
UF,1.0,81758
UFO,-0.23728813559322035,5358
UGH,-0.36231884057971014,5301
UKI,-0.24,4200
UMH,0.0,10886
UNIDOG,-0.42435424354243545,4987
UNITY,-0.1111111111111111,107693
UNO,-0.5223880597014925,5337
UNO,-0.5223880597014925,5366
UP,-0.30158730158730157,123305
UP,-0.30158730158730157,7902
UPFROG,-0.5925925925925926,4203
UPGOOD,1.0,4962
UPTOBER,-0.7894736842105263,16779
URINAL,-0.5,4358
URLCAT,-0.4117647058823529,4438
USA,-0.6666666666666666,4616
USACTO,-0.3,16594
USD,-0.3076923076923077,4382
USDC,-0.5145631067961165,4773
USPEPE,0.07216494845360824,4581
USPEPE,0.07216494845360824,4310
USPEPE,0.07216494845360824,5723
USPEPE,0.07216494845360824,6376
USTD,-0.14754098360655737,11462
UberCat,-0.3786407766990291,4246
Uno,-0.6,21169
UpDog,-0.5893536121673004,4997
VALHALLA,1.0,33469
VAMPY,-0.6,7544
VANCE,-0.3333333333333333,4118
VANCENOMIC,-0.2830188679245283,4320
VENCE,-0.7333333333333333,321161
VEST,-0.52,22500
VIBE,-0.16666666666666666,5952
VICKY,-1.0,5100
VIII,-0.5,4162
VILLAIN,-0.4779874213836478,16981
VILLAIN,-0.4779874213836478,5417
VINCI,-1.0,4959
VINI,-0.2,4619
VIP,0.14893617021276595,7615
VISUALIZE,-0.42105263157894735,4292
VODKA,0.0,4625
VODKA,0.0,4219
VPL,-1.0,4285
VVP,-0.42857142857142855,4081
Vandeg,-0.42857142857142855,6303
Vector,-0.3333333333333333,12392
Vespa,-0.5789473684210527,9379
Vibe,0.0,4522
Vibey,-0.7142857142857143,8098
Victory,-0.6,4750
Vini,-0.16774193548387098,4585
Vini,-0.16774193548387098,4460
Virus,-0.40186915887850466,9776
WAAS,-0.2765957446808511,6653
WAG1,0.0,4026
WAGMI,-1.0,9215
WALTER,-0.6,24861
WAP,-0.5632183908045977,5479
WASTED,-0.030303030303030304,6557
WAT,-0.3050847457627119,4403
WAT,-0.3050847457627119,4883
WAT,-0.3050847457627119,4814
WAT,-0.3050847457627119,4603
WCIS,-0.4666666666666667,4261
WCM,-0.2909090909090909,23878
WD,-0.34831460674157305,4666
WD40,-0.375,7537
WDR,-0.017857142857142856,6141
WE,-0.3333333333333333,4878
WEB4,-0.5,7454
WEEKND,-0.16666666666666666,4141
WENMOON,0.3,4413
WEROBOT,-0.5823293172690763,11091
WETDOG,-0.2222222222222222,4655
WGS,-0.5,4155
WHALES,-0.5,5122
WHIKO,-0.5,4608
WHIMSI,0.5,4675
WHIP,1.0,4495
WHORE,-0.4666666666666667,4517
WHY,-0.2,5819
WIBBIT,-0.2,88339
WIFBEER,-1.0,5754
WIFBLACK,-0.373134328358209,7012
WIFE,-0.4063926940639269,5724
WIFEAR,-0.5,26524
WIFFY,-0.8024691358024691,4406
WIFFY,-0.8024691358024691,4071
WIFJ,-0.6060606060606061,4949
WIFS,-0.20577617328519857,4874
WIFS,-0.20577617328519857,4267
WIFSTROKE,-0.3333333333333333,4294
WIFT,-0.40425531914893614,7314
WIFTIES,-0.5189873417721519,5188
WIFWARIO,0.0,4225
WIGGER,-0.75,39983
WII,0.0,4710
WILL,-1.0,4115
WINK,-1.0,6461
WINSTON,-0.36363636363636365,4686
WITCH,-0.34210526315789475,4645
WITCHY,-0.6666666666666666,4198
WITH,-0.4583333333333333,6139
WIZ,-0.7777777777777778,4915
WMM,-0.36065573770491804,12452864
WOAT,0.6,10266
WOG,-0.4666666666666667,4651
WOJAKINHO,-0.28859060402684567,39119
WOLF,-0.19047619047619047,5466
WOLF,-0.19047619047619047,5746
WOLF,-0.19047619047619047,4406
WOLF,-0.19047619047619047,6844
WOLFIE,-0.18072289156626506,5979
WOMAN,-0.24822695035460993,9443
WOODY,-0.3333333333333333,4410
WOOF,-1.0,4332
WOOMI,0.2,5403
WORMS,-0.2727272727272727,285394
WOULD,-0.5348837209302325,1188318
WOW,0.23076923076923078,4272
WOWBILLY,-0.39285714285714285,13073
WOYM,-0.24210526315789474,4501
WPEPE,-0.6818181818181818,4213
WSC,-0.3333333333333333,4390
WSC,-0.3333333333333333,4192
WU,-0.2,4604
WUBBA,-1.0,4948
WUKONG,-0.10407239819004525,8629
WYAD,-0.4857142857142857,6586
WYD,-0.13043478260869565,6127
Wally,-0.15856236786469344,6015
Warp,0.0,4287
Warren,-1.0,6702
Water,-0.4188034188034188,8998
Web3,-0.23809523809523808,4465
WeeWoo,-0.38461538461538464,4547
Weiner,-0.3472803347280335,4266
Wen,-0.4594594594594595,5153
Wiers,-0.6,4424
Wifler,-0.23076923076923078,4803
Wiftate,-0.09090909090909091,13232
Win2024,-0.14457831325301204,12381
WinDoge,1.0,9144
Windows9x,-0.5714285714285714,7123
Wizzy,-0.39622641509433965,8843
Woof,0.0379746835443038,4757
World Coin,0.5,5571
Wudan,-1.0,8815
Wufi,-0.31343283582089554,4687
X,-0.25,4647
XAYAH,-0.5,4548
XENIA,1.0,4325
XGUYS,1.0,6293
XIN,-0.45,45709
XINGXING,-0.5175438596491229,6367
XINGXING,-0.5175438596491229,14289
XOXO,-0.6,4541
Xavier,-0.34782608695652173,5012
Xiaobai,-0.23404255319148937,56226
Xingxing,-0.5789473684210527,6036
YANKEE,-0.30434782608695654,7387
YANW,0.08541392904073587,4530
YAWN,-0.888,7506
YB,-0.4,4199
YBRO,-0.2857142857142857,6674
YEAH,0.022222222222222223,8972
YESCAT,-0.2,4636
YINYANG,-0.2,4657
YOGAFIRE,-0.2,16375
YONG,0.0,4464
YOSHI,-0.6923076923076923,4435
YOUSIM,-0.375,13091450
YUKI,-0.6190476190476191,4818
YUKI,-0.6190476190476191,4283
YUNО,-0.4444444444444444,4058
YUP,-0.5084745762711864,6576
YUUMI,-0.29411764705882354,305912
YUYU,-0.49295774647887325,7945
Yaomi,-0.5,11157
Yorke,0.42857142857142855,4441
Yuki,-0.19327731092436976,10653
Yun Chuan,-1.0,4279
ZA,-0.25,5498
ZAFIR,-0.42857142857142855,5005
ZAIZAI,-0.15789473684210525,4978
ZAWG,-0.6091954022988506,5348
ZAZA,-0.7,4916
ZAZA,-0.7,4109
ZAZU,-0.6666666666666666,4932
ZEERBA,0.3333333333333333,4345
ZENCHAT,-0.75,5488
ZEON,-1.0,4924
ZEPPLIN,-0.4090909090909091,4157
ZILLY,-0.109375,4390
ZILVERK,-0.75,4456
ZIMOMO,-0.5555555555555556,9322
ZK,-1.0,5044
ZOEY,-0.42857142857142855,4341
ZOLOFT,-1.0,5133
ZUMI,-0.36,5101
ZYNDOG,-0.14285714285714285,4488
ZYPHRA,1.0,4990
ZZZZ,-0.31343283582089554,4521
Zane,-1.0,4153
Zaya,-0.22709163346613545,1317117
Zazzles,-0.5894039735099338,6342
Zazzles,-0.5894039735099338,4432
Zeus,-0.1956521739130435,5735
Zhāocái,1.0,10048
Ziggy,-1.0,4391
Zina,-0.1724137931034483,21388
Zoch,-0.4857142857142857,8574
Zong,-0.5272727272727272,6325
Zoo,-0.3333333333333333,4073
Zoë,-0.7435897435897436,4308
ZynDog,-0.4,5039
aDOG,0.2,19387
accelerate,-0.6,4445
aesthetic,-1.0,6530
affirm,0.0,5631
agape,-0.4,4407
agape,-0.4,19329
aimeme,-1.0,4440
allahpepe,-1.0,4096
angri,1.0,4819
anthrupad,1.0,4150
ants,-0.25,4661
antunio,-0.3191489361702128,4538
aped,-0.45454545454545453,9320
arc,-0.5,178095
ariel,0.23076923076923078,5133
asSOL,-0.4,91807
ascii,-1.0,4645
asym,-1.0,5794
atlas,0.3333333333333333,5508
aurora,-0.3157894736842105,4459
autism,-0.6,72993
avatard,-0.4052863436123348,5683
bDOG,-0.6144578313253012,5396
bPEPE,0.6666666666666666,5333
baTca,-0.17647058823529413,7498
babyy,-1.0,5331
bandido,-0.1111111111111111,4885
banner,-0.696969696969697,4928
bapi,-0.11428571428571428,7890
based,-0.4074074074074074,4570
basin,-0.3333333333333333,4453
bbvvvvvvvv,1.0,5551
beary,0.14285714285714285,6297
berd,-0.3424657534246575,7543
bero,-0.24427480916030533,4820
berry,0.2857142857142857,4401
billee,-0.3411764705882353,6020
billyrich,-0.22957198443579765,4390
black,-0.3783783783783784,4426
bleach,-0.4666666666666667,4398
bleo,-0.4883720930232558,7246
bless,-0.6551724137931034,4168
blind,-1.0,5311
blub,-0.7142857142857143,50793
bob,-0.12871287128712872,6602
bob,-0.12871287128712872,322627
boing,-0.3333333333333333,4290
boll,-0.5510204081632653,16118
bongo,-1.0,5046
boop,0.0,4201
bop,0.13167259786476868,17720861
bot16z,0.3333333333333333,8590
brick,-0.25,4375
bubba,-0.7894736842105263,5528
buck,-0.12121212121212122,4302
bul,-0.07368421052631578,4491
bullish,-0.6129032258064516,66558
bunby,-0.25,51867
bussy,-0.058823529411764705,106579
cDOG,-0.3695395513577332,5492
cDOG,-0.3695395513577332,5311
cabal,-0.375,4612
capi,-0.4108527131782946,4671
cat,-0.3125,6055
cat,-0.3125,4899
cat,-0.3125,6583
catcoin,-0.8148148148148148,18809
caturnus,-0.4188034188034188,5179
ceCAT,1.0,4018
cet,-1.0,4364
chang,-0.42857142857142855,7394
chat,-0.4166666666666667,4681
chat,-0.4166666666666667,5367
cheeseball,0.0,4999
chibi,0.3333333333333333,4322
chichi,-0.32608695652173914,6285
chinki,-0.4074074074074074,5271
chip,-0.25274725274725274,5183
chippy,-0.29411764705882354,5260
chishark,-0.22580645161290322,4226
chonk,-1.0,4990
chub,-0.29523809523809524,6624
chuchu,-0.4915254237288136,4649
cicada,0.25,5528
cicha,-1.0,4236
cigfish,-0.5925925925925926,4717
claude,-0.4458874458874459,479814
clown,-0.3333333333333333,22697
cmon,-0.23809523809523808,15326
col,-0.6,4689
collin,-0.6,4881
cooked,-0.09090909090909091,4753
cool,-0.3333333333333333,5104
coon,-0.2,30942
cortana,0.0,4735
cox,-0.12389380530973451,5657
cozy,-1.0,4813
crash,-1.0,7023
creamie,-0.5854341736694678,4579
cringy,-0.14285714285714285,4638
crpr,-0.6,4283
cubey,-0.45454545454545453,4096
cumsok,-0.504950495049505,4503
cuz,0.0,5432
cyzicus,-0.8,4317
d00dle,-0.6666666666666666,7170
dAI,0.2,5074
daddy,-0.6,61404
dafuq,-0.8461538461538461,4178
dalle,-0.5,5371
dang,-0.13043478260869565,4262
dank,-0.3130434782608696,4588
dark puppy,-1.0,4178
daru,-0.23846153846153847,4739
davinci,0.25,4566
dc,-0.168,4946
deDog,-0.5754189944134078,4751
deadass,-0.4925373134328358,16386
deerman,-1.0,9481
degenai,-0.6,20298239
degenism,-0.75,20593
deleted,0.3333333333333333,4329
demure,-0.5,7122
dilo,0.14285714285714285,5113
dimun,0.0,9686
divorce,-0.38461538461538464,53865
dizzy,-0.6571428571428571,4308
dobby,-0.2,4145
doggoth,-1.0,4552
dogwifbtc,-0.19402985074626866,13550
dola,1.0,4699
dommy,-0.30864197530864196,9653
domo,-1.0,5816
donbu,-0.7432835820895523,5031
donny,-0.3541666666666667,6316
doog,-0.52,5030
dream,-0.23529411764705882,5228
drog,-0.4728682170542636,4318
duck,-0.44649446494464945,5085
duck doge,-0.1111111111111111,4666
eacc,-0.5,5761
eddi,-0.6989247311827957,4736
eddy,0.004975124378109453,7408
eef,-0.42857142857142855,4183
eepy,-0.6,7587
eggdog,-0.8,4999
eimi,0.25,4422
enjoy,-0.5,6131
every AI,0.3333333333333333,4811
everything,-0.6923076923076923,222187
ew,-0.5,4358
faded,-0.24528301886792453,12914
faux,-0.6404494382022472,4950
few,-0.64,7792
flavia,-0.5625,1132736
floyd,-0.6,4270
fomo,-1.0,4381
forg,-0.36917562724014336,4481
fraud,-0.8461538461538461,4309
frocat,-0.3888888888888889,5519
frog,-0.16666666666666666,6689
fun,-0.15384615384615385,4784
fupo,-0.25,4128
fwog,1.0,4860
gCAT,-0.7777777777777778,4290
gaey,-0.625,6254
gcostanza,0.05,4252
gday,-0.3333333333333333,6418
gdog,-0.4017857142857143,4664
genesis,-0.8,5241
george,-0.108,6649
ghost,-0.2682926829268293,6201
gigacycle,-0.5906735751295337,5486
gigameme,-0.4669603524229075,5558
gitdog,-1.0,4434
glo,-0.7777777777777778,4809
glootie,0.0,4358
glow,-1.0,5008
gm,-1.0,6335
goldy,-0.058823529411764705,4536
gor,-0.3333333333333333,4339
goutzis,-0.4251497005988024,4542
gregaru,-0.29651162790697677,4830
grind,-0.5241935483870968,6875
grind,-0.5241935483870968,4442
groove,-0.2849740932642487,4319
gs,0.15789473684210525,4973
gta6,1.0,5276
gtg,-0.8181818181818182,4712
gub,-0.45871559633027525,4512
gyatt,-0.4576271186440678,6041
gyatt,-0.4576271186440678,4396
gyatt,-0.4576271186440678,23310
gymrat,-1.0,6218
h4ck3r,1.0,4343
hDOG,-0.34328358208955223,5714
hands,-0.3333333333333333,5252
hat,0.058823529411764705,4135
hay,-0.5955056179775281,4515
hearing,-0.4936708860759494,4458
helloween,-0.5714285714285714,4072
hi,-0.5135135135135135,22581
hippy,-1.0,5021
hm,-0.4878048780487805,4323
holly,-0.22388059701492538,5849
horse,-0.40540540540540543,5125
hotdog,-1.0,4366
how,0.4,4379
hug,-0.02127659574468085,7944
huh,-0.7818181818181819,4816
husbant,-1.0,4496
hyhyhyhy,-0.56312625250501,5107
iBanPe,-0.6666666666666666,4743
iSHOWMEAT,-0.7142857142857143,4064
igDOG,-0.16393442622950818,5447
iggy,-0.65625,17214
iloveyou,-1.0,4253
imsorry,-0.35714285714285715,4580
imy,0.3333333333333333,12988
index,-1.0,4346
inevitable,-0.4830508474576271,4428
intuition,-0.6470588235294118,13033
inugami,-0.48349514563106794,7254
italic,-0.46875,4434
jaky,-1.0,102280
jeet,-0.5263157894736842,4344
jenwif,-0.7142857142857143,4140
jerk,-1.0,4204
jerry,-0.45454545454545453,9107732
jiff,-0.8947368421052632,41915
jiffpom,-0.3333333333333333,4176
josh,-0.20930232558139536,4236
jumpi,-0.3894736842105263,4649
kagi,-0.5,4569
karen,0.6,5246
kek,-0.23076923076923078,5023
ken,-0.5384615384615384,4937
kewl,0.0,4445
kiti,-0.2682926829268293,4586
kiwi,0.2,5309
koko,-1.0,4423
kol,-0.643312101910828,4312
ksilisab,-1.0,9742
kuku,-1.0,4765
lads,-0.2,5378
laylo,0.1282051282051282,5265
legs,0.0,5050
liar,-0.6363636363636364,4534
licker,-0.3333333333333333,12245
lika,0.0,4194
lil nigga,0.18181818181818182,5478
lilbro,-0.4794520547945205,4903
lily,-0.4634146341463415,4227
llama,-0.1111111111111111,5472
llama405b,-0.45454545454545453,6528
lolcat,-0.3333333333333333,1791535
loop,-0.5555555555555556,12634
loopy,-0.5,32217
lore,-0.46853146853146854,4834
lore,-0.46853146853146854,5052
lore,-0.46853146853146854,4672
lotsinlife,0.5,14878
love,-0.1724137931034483,4544
love,-0.1724137931034483,12009
lowkey,-0.6036036036036037,9372
lucewif,-0.17073170731707318,6585
luna2,-0.5,6631
luta,-0.11594202898550725,4374
mallory,1.0,4103
man,-0.3584905660377358,9438
mani,-0.45454545454545453,4231
manny,0.0,4915
maow,-0.625,4608
marc,-0.3333333333333333,23655
marshi,-0.5714285714285714,4337
martin,-0.17857142857142858,6203
meesa,-0.6444444444444445,25672
megnet,-0.25925925925925924,4918
megs,-0.6666666666666666,16389
meh,-1.0,4136
meme,-0.5645756457564576,5704
meme,-0.5645756457564576,4583
meme virus,0.6666666666666666,4806
mengi,-0.375,98221
meow,-0.41920374707259955,5763
meow,-0.41920374707259955,6176
meow,-0.41920374707259955,4357
meowd,0.0,4601
miguel,-0.34210526315789475,4892
mika,-1.0,4340
milky,-0.5362318840579711,4278
mimi,0.3333333333333333,4094
mingchi,-0.4375,4847
mira,-0.75,18069
miri,-0.3333333333333333,21867
mirrored,-0.5172413793103449,4809
miso,-0.22105263157894736,10829
miwchi,-0.41304347826086957,4850
mob,-0.4725274725274725,6355
mofu,0.0,4660
mogL,-0.1111111111111111,4289
mok,-0.4025974025974026,8074
momo,-1.0,4572
momo,-1.0,4270
monkeybiz,-0.5,4406
monty,0.15384615384615385,4865
moon,-0.75,4290
moon,-0.75,5299
moonboi,-0.2,6788
mop,-0.5517241379310345,4453
morty,-1.0,8273
morud,-0.4883720930232558,1119110
motivation,-0.2898550724637681,5240
motorcycle,-0.2903225806451613,6559
moy,-0.6721311475409836,5065
mozzy,-0.625,4225
mp3,-0.2658569500674764,7951
multiverse,-0.14285714285714285,5136
neil,-0.2852233676975945,17717
nicole,-0.2222222222222222,5912
niga,-0.5064935064935064,11119
ninu,-0.3563218390804598,4494
nite,-0.8,4717
nostalgia,0.0,4411
notarug,-0.3333333333333333,4466
notdemure,-0.3333333333333333,5182
nowar,-1.0,10315
nozoki,-0.3153846153846154,6846
nugget,-0.6296296296296297,27787
numogram,-0.2903225806451613,8264
nyan,-0.3333333333333333,8517
oDOG,-0.2261904761904762,4585
oTANK,-0.43478260869565216,4762
oats,-0.1,6280
obvious,-0.562962962962963,10160
ogmilady,-0.4377224199288256,18074
olen,-0.16521739130434782,4281
olen,-0.16521739130434782,5728
oli,-0.017543859649122806,5530
omg,-0.7333333333333333,4331
ong,-0.3793103448275862,4140
oof,-0.34375,4474
oof,-0.34375,5177
opium,-0.3170731707317073,5970
oreo,-0.4166666666666667,4106
otherside,-0.6363636363636364,5102
otis,-0.5046728971962616,17116
otti,-0.475,32406
over,0.5,5101
owo,-0.7241379310344828,4545
pCAT,-0.1657754010695187,5930
pablo,-0.4,5265
pamper,-0.26666666666666666,11390
patience,-0.5427251732101617,42263
paula,-1.0,4590
pawerful,-0.6666666666666666,4456
peace,0.0,11994
peedog,-0.5798319327731093,4201
peiqi,-0.4657039711191336,6951
pengy,-0.6,4212
perps,0.0,4865
perro,-1.0,6289
pew,-1.0,43116
pewpew,-0.125,5162
pfp,1.0,5584
phantom,-0.24,22927
pharaoh,-0.3333333333333333,5848
pinky,0.375,6525
pip,-0.32934131736526945,9322
plane,-0.2,4437
plow,-0.5652173913043478,5216
poki,-0.35766423357664234,4272
posted,-0.5416666666666666,5046
pray,-0.8823529411764706,31683
programmed,-0.5340909090909091,4352
programmed,-0.5340909090909091,6939
psale,0.0,4339
puk,-0.4013921113689095,4515
pump,1.0,5793
punpun,-0.4358974358974359,9174
pure,1.0,5866
qpaws,-0.42857142857142855,6931
qstar,-0.5,4797
quant,-0.372,22777
rainbow,-0.3333333333333333,6037
ramone,-0.4523809523809524,5745
rancat,-0.2,4243
randog,-0.25301204819277107,8493
rari,-0.2753623188405797,5213
ratio,-0.5538461538461539,7105
raw,-0.32342007434944237,5968
rawr,-0.7,11414
reesi,-0.6,23056
rich,-0.3333333333333333,10470
rugdog,-1.0,5702
rusty,-0.3333333333333333,4364
sDOG,-0.29534883720930233,4778
sDOG,-0.29534883720930233,52625
sGF,0.0,5392
sad,-0.4782608695652174,4633
sage,-1.0,5109
sammy,-0.5555555555555556,5543
sane,-0.34285714285714286,4597
sanic,-0.5,5291
save,-0.75,4434
sbDOG,0.0,4326
schizo,-0.4782608695652174,5691
schlong,-0.6111111111111112,4907
seadog,-0.30337078651685395,4863
sender,-0.328125,6194
sentient,-0.8,8812
seto,-0.2571428571428571,5175
shakey,-0.2,4490
sham,-0.25,5382
shark,-0.6666666666666666,4392
shartcoin,-0.5555555555555556,13953
shibo,-0.6363636363636364,10412
shibu,-0.3333333333333333,6079
shitpost,-1.0,4571
shnork,0.0,5835
shooturd,-0.47586206896551725,4327
sidelined,-0.46511627906976744,5374
sidelined,-0.46511627906976744,6265
silky,-0.375,4649
silver,0.0,4503
simp,-0.3157894736842105,14269
simulacra,0.0,7447
sir,-0.38461538461538464,4731
siupak,-0.38461538461538464,4616
skeli,-0.2273972602739726,6567
skiddy,-0.09859154929577464,4140
slept,-0.4,5355
slime,1.0,5114
sma,-0.3170731707317073,356538
smcs,-0.4,4295
smol,-0.5,5184
smoli,-0.38461538461538464,4810
socks,0.3333333333333333,4266
solanacat,-0.39473684210526316,5657
solawna,-0.6666666666666666,4390
soliloquy,-0.5,4541
solpop,-0.07142857142857142,7087
son,-0.3333333333333333,4386
sophia,-0.38095238095238093,10160
space,0.0,5859
speezi,-0.12195121951219512,4172
sqorl,0.0,4739
srDog,-0.3213367609254499,71149
sss,0.0,5266
starter,-0.2727272727272727,4660
story,-0.26380368098159507,5532
subdog,-0.1320754716981132,4708
subgenius,-0.3939393939393939,5303
swb,-0.046153846153846156,5018
sweg,-0.5121951219512195,4317
tDOG,-0.4519230769230769,4352
tacit,-0.2727272727272727,6428
tati,-1.0,4241
tcc,-0.3333333333333333,4943
teddy,-0.3,6099
tee_hee_he,1.0,9315
tepg,-0.24324324324324326,5202
think,-0.15384615384615385,204639
thomas,-0.4577777777777778,4698
tigi,-1.0,4372
tilin,-0.38181818181818183,5217
tina,-0.1417910447761194,4778
tiny,-0.3611111111111111,12899
toby,-0.447098976109215,4919
toly,-0.6052631578947368,66016
tomoflys,-0.5,4849
towlie,-0.15789473684210525,5032
transem,0.0,6638
trempboden,-1.0,4212
trenches,-0.6470588235294118,5480
trsad,-0.29523809523809524,10048
trump,0.14285714285714285,4116
trusk,-1.0,4846
tty,-0.3333333333333333,4976
tuga,-0.3333333333333333,4830
tuna,-1.0,6349
tuxi,-0.2727272727272727,7224
tweaking,-0.5824175824175825,4958
twister,-1.0,4244
umi,-0.2866817155756208,16468
umi,-0.2866817155756208,4426
uncle,-1.0,4895
university,-0.09433962264150944,4422
up,-0.5238095238095238,4854
uptimuz,-0.45454545454545453,4930
vibe,-0.3333333333333333,7786
visakanv,-1.0,4345
vvaifu,-0.6161616161616161,91719507
wASS,0.07692307692307693,4257
wCAT,0.0,4077
wDOG,-0.454,3265224
walt,-0.5161290322580645,5044
wan,-0.5267605633802817,4543
wang,-0.6470588235294118,92925
wang,-0.6470588235294118,4379
we robot,0.13043478260869565,4185
we robot,0.13043478260869565,4116
weeb,-0.5714285714285714,4550
weird,-0.3333333333333333,4564
whoosh,-0.8333333333333334,4393
wib,-0.2897196261682243,4524
wif,-0.5135135135135135,4260
wifdom,-0.371900826446281,11178
wiftardio,0.0,5278
wii,-0.28870292887029286,4855
wiki,-0.2,8995
witer,-0.42857142857142855,4528
wobo,-0.26174496644295303,4757
wog,-0.5220417633410673,10076
woke ai,-0.5652173913043478,6752
wolf,-0.23076923076923078,10537
woo,-0.3333333333333333,6924
wowmao,-0.5882352941176471,5424537
wsd,-0.2,5279
wth,-0.6911764705882353,4347
wyatt,-0.2727272727272727,6256
xDog,-0.22916666666666666,5950
xG,-0.3333333333333333,4208
xiaowolong,-0.6666666666666666,5164
xp,-0.7647058823529411,6536
ya,-1.0,4746
yj,-0.7142857142857143,5965
yoko,-0.2857142857142857,5193
youli,-0.45454545454545453,9324
yumi,-0.26881720430107525,4838
Ψ,-0.2,5178
Ω,-0.24528301886792453,4760
β,-0.5714285714285714,4243
δ,-1.0,5941
ИOOM,-0.375,4105
сове,-1.0,5695
ᚱᚢᛊ,-0.6,7107
➐➐➐,-0.4146341463414634,4885
かぼす,-0.6,4263
ゼリー,-1.0,4042
フク,-0.76,4377
吃屎鬼,-0.48214285714285715,4291
长城犬,-0.3384615384615385,4205
韭菜,-0.5,4072
韭菜,-0.5,4501
박성훈,-0.10416666666666667,7208
박수희,-0.23076923076923078,4831
